refId-ignore,uid,name,phone,email
C794EC56-C8F6-D51E-FFDA-9464AE0FC62A,defaults1,John Doe,000-000-0000,default@gmail.com
99A89915-15A4-DFC6-D1FA-A3E0ECDBCCAC,defaults2,"Olsen, Tamara",1-258-745-2235,default@gmail.com
BBFE4FA0-68E5-7783-2ACC-EFE1563BF73F,defaults3,"Combs, Gemma",3365354515,a.tortor.nunc@yahoo.com
ED83C421-A13C-781E-9A39-4817C4B2E29A,defaults4,Brooke Daniel,(827) 378-0698,a.sollicitudin@yahoo.com
5251F8BE-CA75-4849-183A-DD86EEBD8164,defaults5,Ryder Bishop,(771) 812-5897,eu.euismod@icloud.com
364AA1DF-B927-CD3D-54AC-CA6E471C3A52,defaults6,Pascale Q. Mcclain,1-792-885-1234,cras.dictum.ultricies@yahoo.com
E4514E01-B542-06C7-24D8-909DBCCE5621,defaults7,Indira Herrera,8436666077,default@gmail.com
E92233D6-BCCC-C22A-C63E-88121D698194,defaults8,Akeem Perry,(818) 664-6674,molestie.in@outlook.com
352EC525-19DF-C097-D3CA-38368E191F13,defaults9,Channing Michael,1-432-710-3775,amet.orci@icloud.com
F11B8926-7DF2-222B-CE26-7B2AB347A7AB,defaults10,Palmer L. Rasmussen,6629778745,suspendisse.eleifend@hotmail.com
88D8BC88-7BE6-EA2D-FC35-E2C891DF47F7,defaults11,John Doe,(234) 778-7021,dolor.tempus@yahoo.com
C97DCA75-1455-37DE-8E91-D2DE9871C261,defaults12,Pascale Bowen,000-000-0000,vel.convallis@outlook.com
C411A76A-FB66-5C38-9841-2C6343D4571B,defaults13,John Doe,1-954-979-4205,nibh.enim.gravida@hotmail.com
4A6BEC37-572E-DCAD-2311-FB39969F9914,defaults14,"Maldonado, Wilma C.",1-612-435-7365,libero.et@yahoo.com
BB8B7616-5DF6-E913-128A-25EA1D632A21,defaults15,"Mathis, Oliver",000-000-0000,dolor@icloud.com
5865444A-EA43-9A67-BCEF-B6E3C7431EAD,defaults16,Ashton D. Stout,(260) 542-0340,default@gmail.com
3D1B2E7A-A5D2-49AA-8108-C1FC27936289,defaults17,"Parsons, Nigel P.",1-825-562-6840,morbi@icloud.com
CCCBF157-05EA-14B0-8CC9-6C5AD1C8F8AA,defaults18,Aspen P. Becker,(351) 653-6652,amet.massa@hotmail.com
1CA11854-A413-E518-8632-6DB92754D890,defaults19,"Rocha, Jolene Y.",1-742-347-7057,faucibus.morbi.vehicula@icloud.com
BA2769A0-6830-74A9-5517-F6CD8213B415,defaults20,Garrison Manning,1-366-904-8555,fermentum@aol.com
F975EDE9-888B-541D-4BB8-D47877693C6A,defaults21,"Riggs, Germaine",8134472080,sollicitudin@yahoo.com
9C41C333-960E-C102-8532-9DDE7CC758BC,defaults22,"Whitney, Idona",6288273723,egestas.lacinia@hotmail.com
76430BEE-4E17-4853-3EA1-F6C32577CA88,defaults23,"Brewer, Harriet J.",000-000-0000,diam.eu.dolor@hotmail.com
0C6BC537-8264-C9ED-EBAE-4DD351286656,defaults24,Channing Carroll,2363628956,eu@google.com
2EE5AB4E-2B1A-0BA8-3571-5C8B62E91B99,defaults25,Quintessa Barker,(262) 651-4585,nascetur.ridiculus@icloud.com
B64DB89E-7B50-8183-5669-1CBB8554BE5A,defaults26,Orlando Snider,6426275637,mauris.sagittis.placerat@outlook.com
003D827A-9526-6064-4D8B-9D38D6B69BFE,defaults27,"Hodges, Quinlan",(799) 606-8207,default@gmail.com
25CA4E67-5368-4C2D-D047-3129E6D52EC8,defaults28,John Doe,1-500-262-2596,eros.nam.consequat@google.com
5DFA45A3-E6FA-5479-147A-18ADCDB87182,defaults29,"Stephenson, Zahir K.",(638) 864-3537,sed.facilisis@hotmail.com
64AD3589-CB86-B83A-D13E-A7BD2234364C,defaults30,Sandra O'Neill,(810) 842-0857,arcu.et.pede@yahoo.com
F3E7446B-17DB-E419-23B1-1C1DC4186EE4,defaults31,"Kim, Rhona P.",1-813-885-4636,ornare.fusce@icloud.com
980A4546-2E2E-737D-3953-D2C8C83A9788,defaults32,"Daniels, Hadley V.",(544) 872-3246,montes.nascetur@hotmail.com
6C2247C6-5B95-71C1-B5D3-7F9949B3DA53,defaults33,John Doe,(779) 646-4188,leo@hotmail.com
332929BC-8B84-6A48-B07B-861461B23DF8,defaults34,"Pratt, Jermaine",(526) 408-9828,dolor@yahoo.com
F6CE9CCC-160E-8A67-ACE7-28DBA5FCE544,defaults35,John Doe,1-356-477-7446,montes.nascetur@google.com
D6B6C83D-B7BF-9D8E-BEAC-51733567943D,defaults36,Aidan V. Barr,(657) 460-8745,blandit.congue@hotmail.com
61EBD28B-B4A5-DCDD-F166-79F386731F28,defaults37,Lana V. Gardner,(494) 717-7435,mauris.aliquam@yahoo.com
0D24395C-5AA8-A8C4-99B4-4DE5DB3DD76D,defaults38,"Frye, Vielka J.",1-665-622-3141,duis.at@yahoo.com
AA3A6B34-B5CC-1BC8-34A6-DB3D5FF2CA3C,defaults39,"Morrison, Kibo",5983372303,imperdiet@aol.com
A1DB2FC1-CE6D-4CDD-91F5-AF4998A7DD44,defaults40,Freya N. Austin,1-354-875-0299,ridiculus.mus@outlook.com
69C1A5E3-F6D5-5A12-C5CC-C693D95223B4,defaults41,"Henderson, Norman U.",000-000-0000,magna.suspendisse@aol.com
3ED2A18E-4A7B-14DE-7A15-6D7DCFB9C6E8,defaults42,"Chapman, Keelie B.",(407) 402-2884,et.ultrices@icloud.com
15A8BC56-CA0D-6FF6-CF8A-0903E75DB646,defaults43,"Blake, Wilma",7617102923,lorem.donec.elementum@google.com
B4921970-D023-D235-1391-D6EC83875381,defaults44,Eagan I. Hurst,(761) 522-5311,sed@aol.com
33A1A58A-2AC7-244C-46EC-CCE5010B9669,defaults45,"Hess, Gil",(394) 446-6932,nisi.cum@hotmail.com
D9D6BA33-6C8B-1DE8-6266-94A8D85D9EB6,defaults46,"Short, Martha T.",1-193-382-6063,tempor.lorem@yahoo.com
2E94233D-876E-1902-5A50-A1A249288714,defaults47,Devin V. Gay,1-485-645-5287,default@gmail.com
8069403D-E943-69E8-7C70-8C53E2CEA381,defaults48,"Beck, Hollee",1-688-909-5332,erat.neque.non@yahoo.com
488355AE-653D-5590-F5E2-F2657D935042,defaults49,Tanner Guthrie,(755) 396-7455,default@gmail.com
783AC182-9A39-2A73-B434-3004DA3CD3C2,defaults50,"Simpson, Perry",3275939053,inceptos@outlook.com
05172DA0-5806-1BBC-2BEC-4651485D453C,defaults51,"Singleton, Nyssa",1-552-974-4565,enim.suspendisse@outlook.com
CC58673D-E517-734E-DE96-181D4E7563EE,defaults52,Maisie D. Reeves,1-451-335-3479,default@gmail.com
CE9B2793-4197-9BA2-ED95-CCD665B41758,defaults53,Sophia D. Morris,1-868-985-3182,vulputate.posuere.vulputate@icloud.com
A3B72A62-0B26-769C-9E94-2226767677EA,defaults54,Yael W. Collier,7113201175,mauris@hotmail.com
03ACD71B-BE31-5989-1397-F878BF043CD0,defaults55,Leigh Mcgowan,5267257212,convallis.ante.lectus@google.com
852CFE7B-AD38-3430-2AD2-C70423C9B3B1,defaults56,"Harper, Neil",1-588-376-2025,lacus@yahoo.com
9491317B-BA7D-2B51-5B75-D725D30B2E65,defaults57,Nicole U. Bonner,1-356-652-7137,enim.etiam.imperdiet@outlook.com
CED25863-03A4-883F-8114-AD818D7C3779,defaults58,"Shepherd, Ori",1-170-646-6655,et@icloud.com
77672D1D-2B64-61A5-FD3D-88ED4B9ACDAD,defaults59,"Wiggins, Angelica",1818606863,vulputate.risus.a@yahoo.com
721B4351-0C78-C9BF-126C-9401693ADC79,defaults60,"Howard, Merritt",1-254-381-5342,sem@yahoo.com
C1E29C97-7477-A5FC-E937-E5EB6B6757AB,defaults61,Perry Carey,(721) 870-7087,default@gmail.com
A37A6D04-826D-434F-F1EB-58871E6DB761,defaults62,John Doe,(753) 157-2667,dictum.sapien@icloud.com
D90E5905-5765-34A1-7CD6-15C4861E4D97,defaults63,Elmo K. Dejesus,(685) 868-8732,nec.malesuada.ut@icloud.com
7F6562CD-A75A-4CA5-F5C4-325A2E983A6B,defaults64,"Cobb, Claudia",(279) 885-5836,metus@google.com
8C11DCD8-E2A1-54B8-37A7-BED8136B98F1,defaults65,John Doe,(684) 769-4147,libero.nec@aol.com
B8C726A1-5ECB-E59D-7CC1-390394B5DF32,defaults66,"Clements, Hiroko",567094585,vestibulum.ante@hotmail.com
EC8B6A89-0C13-80EE-15C7-9656FBEAAA8D,defaults67,Eliana W. Pena,(839) 358-1047,nullam.scelerisque@hotmail.com
B4FEEA86-A83F-96A6-877D-56D74C25D385,defaults68,Charissa B. Lancaster,(223) 939-2220,blandit.viverra@outlook.com
BABB43C4-4885-CBBE-AD31-6D6E8F554695,defaults69,"Frost, Colorado",6408641358,neque@icloud.com
9932D572-FA8B-A9DA-EF16-3A019A075538,defaults70,"Snyder, Kelsey U.",1-555-537-7668,egestas@icloud.com
297B63D9-C856-9C71-522D-C18D236BCAA1,defaults71,"Goff, Yoko O.",(715) 670-7275,mollis@icloud.com
26B76783-4F85-74C9-9CD1-FD3A97954892,defaults72,"Gillespie, Isaiah",1-755-209-1487,at.iaculis@yahoo.com
89828F12-5425-533E-6F6A-9C3A8414E383,defaults73,"Johnson, Wesley",(724) 351-7942,sociosqu@aol.com
468C3967-017D-E421-193A-85945AA05673,defaults74,"Sanchez, Cameron",5844215612,default@gmail.com
9336077C-8533-624A-18BB-CEFC34085999,defaults75,"Lucas, Conan",000-000-0000,felis.ullamcorper.viverra@aol.com
D7C857A5-EE11-828D-DADA-EF346F6DEEDF,defaults76,"Camacho, Fritz J.",(652) 678-5690,praesent.interdum.ligula@yahoo.com
E3C78961-6B1A-1424-29A9-5E45732AD10F,defaults77,Gannon Puckett,(225) 878-0514,proin.sed.turpis@outlook.com
B46D89A8-87D7-BA2E-4F52-49AC11CC8B05,defaults78,"Cunningham, Rana M.",(712) 740-3934,venenatis.vel@yahoo.com
E413DEF4-A541-DDDE-3A3E-77C9195835C6,defaults79,"Vincent, Melyssa",000-000-0000,dis@icloud.com
FBED8711-4E97-6343-98D2-BD77F1E21D50,defaults80,Nissim Mcbride,1-890-283-4538,ut@aol.com
0A4EB6EA-8DAE-91F6-D055-634441BCBAA2,defaults81,"Baird, Dante L.",5673807528,hendrerit.consectetuer@yahoo.com
EE4821FB-57D8-24D1-F589-9BECE47B1C66,defaults82,Natalie S. Lane,8177823374,libero.dui@aol.com
8DF1E2F2-1289-177C-6B0C-447899D04D0B,defaults83,"Davenport, Joy Q.",000-000-0000,consequat@yahoo.com
819A8EB7-4198-5216-E259-75ED899717C7,defaults84,"Hunt, Lacy",4116529688,default@gmail.com
C64227D7-9EAA-A6E9-F8A8-D031A7AD22DC,defaults85,Grace C. Hutchinson,(937) 263-5796,tincidunt.vehicula@yahoo.com
FD9738B1-41A7-8E3A-4682-35E984E777D6,defaults86,Alvin Newman,2381751785,et.nunc@outlook.com
BE9DE1E2-BB2A-4901-227B-424E54D3BC71,defaults87,"Kennedy, Quentin C.",1-775-527-8625,proin.dolor@hotmail.com
EA5795A5-BB06-6506-DDDF-B649ED04C4E7,defaults88,Inga B. Mcconnell,(312) 586-6622,accumsan.interdum@aol.com
5A6ED26B-2BB0-E147-5F79-B656C365545B,defaults89,John Doe,(852) 737-1720,mauris.erat.eget@icloud.com
7DD71AAF-4275-957B-A9B9-F3327EC3EC7B,defaults90,"Skinner, Lawrence",239007531,semper.erat@hotmail.com
14F91168-47C6-7DA7-5143-884ABB493E82,defaults91,"Key, Elizabeth L.",000-000-0000,neque@google.com
4C83F71A-A19F-C95A-E518-7A82A77DA75B,defaults92,"Maldonado, Basia",(343) 272-2467,default@gmail.com
37B26A46-DA38-D035-76AD-1FA813CDA3E1,defaults93,Baker Collins,3328333247,quis.accumsan@google.com
B27EAF0C-E5E5-22B7-D340-2DB1CE76A7C9,defaults94,"Sanchez, Merritt",000-000-0000,curae.phasellus@icloud.com
6D478935-5A69-282B-D334-6EB9A3D3CA75,defaults95,Channing O. Bowers,1-570-485-6556,mi@aol.com
6139EA91-3CC5-1BD8-C941-63F535E3766A,defaults96,Libby X. Duke,3374461756,phasellus.vitae.mauris@yahoo.com
6B75416B-6AF5-D3D5-999E-7C406B3744E2,defaults97,Troy V. Lang,8876487284,odio@icloud.com
3556C979-81E2-CD8E-6F9C-93E4BCC23AD1,defaults98,"Garner, Caesar",(357) 421-1849,tellus@aol.com
DE46DC39-6797-B119-E978-CBA85A2BE869,defaults99,"Mercado, Alma J.",1-451-816-6423,dictum@hotmail.com
6342AB19-568C-F71B-4483-C6A6D37A78CF,defaults100,Ruth Vincent,5134391153,fames.ac@icloud.com
3591DEF4-96B2-5316-B5B3-8F6A2C54E95C,defaults101,Tanek Rios,1-857-286-7178,vitae.nibh.donec@aol.com
7EA52D6C-3E68-8151-E5A6-DB4741B149B2,defaults102,Shannon V. Whitney,000-000-0000,erat@yahoo.com
EDD3553E-87D6-5E30-33E6-3EA883DE1A8F,defaults103,Oren M. Fischer,(974) 454-6495,convallis.erat@outlook.com
2575A899-AB83-4B26-A1B7-C5254091452D,defaults104,Sophia G. Hughes,(267) 183-5832,mauris@yahoo.com
E2848231-8177-5EBD-26A8-0491310B4348,defaults105,John Doe,9341426741,eu.arcu@google.com
715EF0E3-D8BA-6E57-1B72-7D0E1BC08233,defaults106,"Gonzales, Mohammad N.",000-000-0000,egestas.aliquam@google.com
9EDA9C35-7676-16C8-BF8A-A76DA1740527,defaults107,Asher K. Gray,8826656405,default@gmail.com
F9B86732-BD83-3F97-AEF5-14B7FE88C3C6,defaults108,John Doe,4634461055,lectus.sit@google.com
6E326308-A694-41EA-C74A-7208D88FD0EE,defaults109,Myra Z. Alexander,1-569-604-5411,est.nunc.ullamcorper@outlook.com
DF84CECD-64E8-1904-A1B6-2DECE9D1299E,defaults110,Armand F. Maynard,(871) 778-3133,in@outlook.com
C14B879A-CE5A-CB41-20D7-818496A85358,defaults111,Clark H. Horton,9287757266,pede.cum@google.com
CD3C760F-B334-D61E-B22B-B99B6CB99CAA,defaults112,"Malone, Lunea",3277511175,tellus.imperdiet@hotmail.com
8AF98EDF-A773-8CC3-4CDA-C27D5267C2EF,defaults113,"Kidd, Cameran C.",000-000-0000,ipsum.curabitur.consequat@hotmail.com
EAD11598-C944-19CA-F5A9-E2C1E7EEE7AE,defaults114,Salvador Maxwell,(895) 530-5785,adipiscing.enim.mi@google.com
5B56BC6A-4D9F-08B0-8449-12E05CE42D44,defaults115,"Young, Deirdre N.",5376642530,lectus.pede.et@yahoo.com
D3D41722-F807-DD70-92CC-2014C4E9A58B,defaults116,Palmer R. Reynolds,(413) 427-1767,tincidunt@icloud.com
2EC37B2E-D2E4-BEE2-BBEE-3224C0F5D907,defaults117,"Morin, Wayne L.",1-445-780-4115,suspendisse.non.leo@outlook.com
7C27E214-97C7-EC45-1A39-CBC843B3EA5C,defaults118,"Mckee, Allistair O.",1784986852,felis@yahoo.com
CEB56495-9CB1-58FB-9D83-1B57AC6BC335,defaults119,"Garcia, Roanna",1-654-277-7803,ipsum.dolor.sit@yahoo.com
45158EA3-7782-DEFF-BC6D-68F9D74E6AAD,defaults120,"Robles, Kennedy V.",000-000-0000,elit.erat@google.com
141B2E96-1A09-772C-4738-844C7A4536D0,defaults121,"Durham, Cleo G.",1-246-619-9450,tincidunt.dui@yahoo.com
155F4268-0D03-3E9C-3B31-DD5DD017A4B0,defaults122,Lilah Q. Leonard,1-804-918-2711,lorem@hotmail.com
4986A8E5-B459-1D79-8AA2-39CCCD0E9841,defaults123,Clinton K. House,000-000-0000,eu@aol.com
BA4E41D8-BA57-275E-9442-367DD34AC60E,defaults124,"Cherry, Evelyn",(272) 522-7625,enim.mi@yahoo.com
67B219DC-12A9-8074-4589-3A44BD2CC421,defaults125,John Doe,3953190111,nunc.mauris@icloud.com
165ED1C5-BCAA-872F-6BC4-2BA7B743617B,defaults126,Macy Snider,1-310-339-8561,lacus.aliquam.rutrum@yahoo.com
EF7B6844-6DF7-F39C-CAD7-E3B6BC25A214,defaults127,Simon T. Grimes,8915570505,libero.nec@hotmail.com
366A1687-A2E1-BAB8-47A8-9B7E4DDB26A0,defaults128,"Burris, Yael",(581) 612-5537,semper@aol.com
CA172649-E63D-537A-1B84-385945437628,defaults129,Nicole Barrera,000-000-0000,default@gmail.com
50385829-8B08-3CE7-CAEA-5EAB3585BC85,defaults130,Arthur Shannon,(282) 305-4489,diam.lorem.auctor@google.com
934C4E3C-333E-2951-6C0B-5C81B7C165B9,defaults131,"Kidd, Harrison L.",2166223874,fames.ac.turpis@icloud.com
8CABE7DA-892A-A864-8E95-65739F31E078,defaults132,Nerea Shepard,(959) 249-5767,amet.lorem@icloud.com
A969EE85-70E5-AAFE-2A31-864C647E2FA3,defaults133,John Doe,(446) 764-3522,luctus.felis.purus@outlook.com
F029E057-BAD5-BDCF-8BC1-B4B72717B3A8,defaults134,"Simpson, Ulysses",8895715534,ultricies.adipiscing@yahoo.com
2F23C255-BB2A-94A3-2F89-F237CBE497BC,defaults135,"Brown, Kelly R.",1-445-628-5392,eleifend.nunc@hotmail.com
82C6A49B-491E-E7CD-79D9-65FBB2597A18,defaults136,"Cash, Sade",(295) 552-2240,orci.luctus.et@outlook.com
BFB4911A-8D14-19B4-3D2D-2D7DAE97C5A2,defaults137,"Bullock, David C.",(650) 688-1791,tincidunt.adipiscing.mauris@icloud.com
0858CCCE-56D0-3239-529A-18B9988B225D,defaults138,"Bass, Cedric",1-115-532-3154,amet.orci.ut@hotmail.com
F6C7E989-F2EC-21D1-6993-65287E13CA81,defaults139,John Doe,6188160892,erat.etiam@yahoo.com
94C82C16-5306-D797-E92C-543694B19E1B,defaults140,John Doe,(812) 552-0417,etiam.vestibulum@hotmail.com
C2671A53-37D1-1346-5185-D19615F7D401,defaults141,John Doe,2618024722,dolor.tempus@google.com
76C5AF58-8CB1-07E5-3F77-316AA20BCC2C,defaults142,Hilary O. Hampton,7773519592,arcu@aol.com
35D56ADC-B7FA-9512-1D01-ACB31F523336,defaults143,Nyssa Sherman,1-577-517-9316,non.nisi.aenean@icloud.com
1B228E53-57A9-1AA2-AB8B-DEC324C787A6,defaults144,"Perez, Alyssa",000-000-0000,cras@outlook.com
AE23C7CD-BEB1-653E-5013-45B69DB48A03,defaults145,Jerome P. Hudson,2065168976,integer.vitae@outlook.com
40F5D0E6-6533-971D-2C41-557543CEB43C,defaults146,"Holloway, Jameson Z.",(381) 425-5822,pede@icloud.com
76383C21-4BBC-1402-3D89-7F86B3B6DAAC,defaults147,"Boyle, Sierra C.",5037224356,cras.pellentesque@yahoo.com
A08A2441-CBAA-C48D-50EC-E2DF1066744E,defaults148,"Hubbard, Felicia",(396) 635-7303,default@gmail.com
E6F55632-0A75-87A3-9C51-E440BCB83E66,defaults149,Valentine O. Osborne,(720) 841-6151,sed@google.com
6B3D57DE-5E8D-C225-BEB4-5BE2BA8B1198,defaults150,Imelda Mcneil,(462) 855-2623,eu@icloud.com
657E8323-234B-1325-D8EC-A3E32BC9F312,defaults151,"Morse, Orlando",(344) 891-1517,default@gmail.com
E116A8D4-237D-98ED-DE5A-6C05BDCEC637,defaults152,"Gilbert, Katelyn",1-251-746-8622,suspendisse@google.com
79E43564-7482-21BA-A65C-85386AD1B337,defaults153,"Ingram, Kirk",(868) 728-2758,dapibus.id@yahoo.com
B2AAD4B4-93C4-AD65-5E5D-18FE98815A7C,defaults154,Tara W. Ingram,(903) 651-5715,purus@yahoo.com
79373CCB-07E1-7A56-7516-C5C74CEE9183,defaults155,"Meadows, Miranda C.",5250615785,lorem.semper@aol.com
CAAE6453-454D-A9D1-86C2-BCD3FA1D96C9,defaults156,Armando V. Simon,000-000-0000,tellus.suspendisse@aol.com
E715C2BE-6159-C944-B5D7-E4D668C21531,defaults157,"Welch, Jessica M.",6653537766,diam.duis@google.com
A8ED491B-F4EC-2491-B36D-29EF6EC91D93,defaults158,"Taylor, Murphy",1-498-282-1216,default@gmail.com
A4DE0BEA-D0CD-6E16-8135-4E61C59DAC98,defaults159,John Doe,1-972-466-8224,rutrum@hotmail.com
A678FEFC-D2CF-836C-B424-008A35B874DA,defaults160,"Peck, Linus J.",(458) 415-3771,lacus@icloud.com
1181F251-655A-B7B3-4653-4BDFBECABBFA,defaults161,"Lyons, Dacey",(871) 906-9618,quisque.nonummy.ipsum@hotmail.com
66E3EF13-2E54-5485-C15B-61A39EDDA1E2,defaults162,"Garcia, Jason X.",4144651671,ante.vivamus@hotmail.com
08C9D631-A789-47C2-91E2-35B1E1E2B8D8,defaults163,Yuri R. Franco,1-759-422-1396,lacus@outlook.com
DE98B67B-5649-8D4D-A5BA-ECAF11B6956B,defaults164,"Horton, Wang",(375) 911-5520,default@gmail.com
AEBDA710-55DE-01E5-78C9-CC6DAB8C86DF,defaults165,"Foreman, Colorado Z.",000-000-0000,natoque.penatibus@google.com
1D38EA08-8F7C-3289-9554-16B604EA61B9,defaults166,Carly Valencia,1-255-457-5828,donec.vitae@yahoo.com
AE9CD3E9-C7A2-4179-B88A-30D8AE84B4EF,defaults167,Tana Hill,1794336645,dolor@aol.com
834121B7-4D14-6BC0-F52D-3CD41DC8D2CE,defaults168,"Mccoy, Jerry W.",1-542-606-6037,ipsum.leo@google.com
7C1B89D4-3767-6BED-AAE8-15D337A754E6,defaults169,"Armstrong, Leah",(648) 515-1297,id.libero.donec@yahoo.com
BE442F72-AAF2-762F-6A72-633106E94811,defaults170,"Adkins, Daquan",1-806-476-7794,vulputate@yahoo.com
88D37956-9C8F-5CB5-736B-4F96DA816512,defaults171,John Doe,1-654-681-0258,mauris.molestie@yahoo.com
BBD0504B-7ECA-8AB9-B556-19AC45AB89A6,defaults172,"Stanton, Clark G.",1308745262,montes.nascetur@icloud.com
AEFD5927-6965-F426-25A1-A3DC0A63D3D7,defaults173,"Herring, Mallory",(166) 362-6634,consectetuer.adipiscing@yahoo.com
5600976C-8F49-A838-AC14-B824D07BC7BB,defaults174,Hope Mccullough,931178552,mauris@outlook.com
87788D11-881B-4E73-0BD6-B98472F12018,defaults175,"Bolton, Amaya Q.",1-764-455-5612,eget.dictum@outlook.com
BAD8D4A8-FC17-4837-9A9D-5BB28251A3D8,defaults176,"Wolf, Fitzgerald U.",1-892-618-2159,sed.auctor.odio@outlook.com
4BA8711D-9AA8-2544-9756-E4E6E71D928D,defaults177,"Valentine, Benedict J.",(545) 612-2866,integer.mollis@aol.com
597CD62B-EF36-2805-98B2-C3FA9373D262,defaults178,"Todd, Whitney D.",1-548-546-3835,a.enim@google.com
111406C6-2B63-FC5F-975B-CCD6E9A4A93E,defaults179,Acton Y. Harrington,1-633-847-2583,ultrices@outlook.com
7C5DFAE3-895C-BB4E-5136-73876B8F399B,defaults180,John Doe,1-167-431-2714,default@gmail.com
382BD7D7-DE89-61A7-2AA3-87C4403D4168,defaults181,Flavia Fletcher,000-000-0000,mi@icloud.com
68388446-75D7-78FE-E14D-903F5B6972CB,defaults182,Britanney Q. Craig,(927) 796-5394,vitae.erat.vel@icloud.com
EB456B3A-288D-4FB7-8792-E8ED8C4FE931,defaults183,Margaret Ellison,6450314716,integer.vulputate@aol.com
D867D213-1367-5CC1-65E1-04E88828754B,defaults184,Dalton Abbott,4402188891,pede.suspendisse@icloud.com
8810FD55-199C-5E21-A6BE-F67576A37A05,defaults185,"Dillon, Hilary",3493563172,duis.risus@hotmail.com
7CE86077-09FD-944B-9C93-B341AD9304CB,defaults186,Brent R. Owens,3117913938,ipsum.dolor@outlook.com
765F2B48-A933-A6AB-B238-53CF275504BB,defaults187,Chava Munoz,1-636-722-1123,felis.orci.adipiscing@aol.com
7012472E-CB71-403A-7386-EDB2DBD3ACBE,defaults188,Noah Beck,(488) 452-4042,elementum@icloud.com
1F44B42A-CB3A-DDA5-DB90-367C9EDCC438,defaults189,Omar Q. Rush,3363825015,in.dolor@aol.com
42B32777-C4C7-C0C6-099C-84A6AA97E20E,defaults190,"Frost, Amal",(488) 766-5769,dolor@google.com
E22CAAD9-2A2D-F9B4-27C3-D1319545DA5D,defaults191,Gareth J. Carlson,000-000-0000,libero.lacus@outlook.com
135E9573-B6F4-8D5A-8E39-8A35290A1616,defaults192,Nathan V. Pratt,1-667-627-1483,adipiscing@outlook.com
38E8A9D8-7A98-1717-F860-81BE6109E12D,defaults193,Ariel Decker,1-732-889-1538,default@gmail.com
4DDB2607-1924-9E92-EB7F-229D54E2F8A6,defaults194,John Doe,1-214-196-2636,purus@aol.com
62ADC666-80F8-8A32-80CD-A54ADBB6BE07,defaults195,"Rodgers, Anastasia F.",(671) 175-4512,luctus@yahoo.com
E0D84662-D3D6-2739-49D2-2DFD912E8403,defaults196,Quin Osborn,2674466452,conubia.nostra.per@aol.com
CA44E7E3-2816-7B2C-39EB-F04A68740CC5,defaults197,Melyssa Oneal,(914) 571-1130,nam.porttitor@yahoo.com
D4C5648C-1DE3-D5B5-1B2E-771AD13EAEC8,defaults198,"Colon, Magee L.",(734) 963-6117,default@gmail.com
FD334CB7-6D23-7E52-9842-33B69A3BC5C2,defaults199,Zoe I. Oliver,7173716798,nunc.ut.erat@aol.com
5E251C77-24B8-A48C-A7B5-7A96EDCB45A7,defaults200,"Rosales, Sawyer",(122) 143-0133,lobortis.risus.in@icloud.com
42C4FE53-C2E6-1E13-5438-EB3177898A8D,defaults201,"Santos, Wade G.",(417) 838-2668,facilisis.lorem@outlook.com
BDBC6B86-3EC4-8A2B-AC99-275C28E3958B,defaults202,Kaye Bryant,000-000-0000,gravida.sagittis@yahoo.com
62AC152E-D1D5-7DE8-BB3B-E47879E66537,defaults203,John Doe,(633) 149-9137,purus.gravida.sagittis@outlook.com
F96F8353-1C7D-E422-38C5-399B04EC8B3A,defaults204,Willa V. Skinner,1-872-652-6112,mus.proin@google.com
B345BA2E-E32B-664E-1BA1-3720F4763674,defaults205,Ferdinand U. Cohen,(463) 694-2266,lorem.sit@icloud.com
A932D266-55A2-6816-EDA2-286448449ED4,defaults206,Barry E. Conner,3879461424,cum.sociis.natoque@google.com
5CB313E4-6447-21AB-611A-6219454EB269,defaults207,Dennis J. Gordon,8460387742,default@gmail.com
F5D2926A-1388-8BAE-145A-D2E2E7B216C5,defaults208,John Doe,1-811-842-8887,euismod.et@aol.com
3A8261C1-597B-1981-AE29-4224725C5283,defaults209,Kirestin Ramirez,1-731-971-7562,molestie.pharetra.nibh@outlook.com
676CED6D-27FD-737E-269A-2481B4199112,defaults210,"Long, Emerson",1-374-158-4342,neque@yahoo.com
504C1F99-AD15-B664-2F5D-228A7E118CCA,defaults211,"Nguyen, Preston E.",1772570489,quisque@hotmail.com
394D0CBE-1D47-3A35-4EB2-754D45A5C165,defaults212,"Anthony, Carolyn N.",000-000-0000,enim.sed@google.com
555785C5-6C1A-D6EA-B09A-4E66CBABFEBC,defaults213,Stuart N. Clay,2887770814,default@gmail.com
B8DA4EF7-D405-BE79-8839-817B470C7AB2,defaults214,"Mccarthy, Whitney",4966550915,dictum.cursus@yahoo.com
D2D8E40F-8FBA-279F-BAFE-E6294EEA55A4,defaults215,"Mccormick, Jenna D.",1-856-342-9363,amet.metus@hotmail.com
717AFD57-8A84-7828-4CE9-9C6D4963E485,defaults216,Burke Holland,1-226-902-9494,duis.sit@aol.com
15B44EA2-4297-CA24-57C3-53ED897A673B,defaults217,Ina Tyson,000-000-0000,gravida.sit.amet@aol.com
46D9E833-EC4D-2F94-07E7-EAAEA7857D4B,defaults218,"Hicks, Garrett",1-188-221-7734,ridiculus.mus@icloud.com
D0963745-463E-6487-1F72-8C7C8B529A1A,defaults219,"Mann, Wilma",114315413,suscipit.nonummy@outlook.com
B9814FC8-D883-3599-6F2E-1FDCCB0576C4,defaults220,"Grant, Ashely K.",1-187-891-2685,fames@aol.com
7084A16C-9E0A-87B6-2312-C1BAE5B9EA26,defaults221,Kareem Strong,1-723-872-3267,est.nunc@hotmail.com
5822B114-F7C4-D6E8-1821-DA5CBD536A88,defaults222,"Sargent, Gray",1-442-341-2134,eleifend.nunc@hotmail.com
E8E99AF9-58CB-E83A-BCCD-73EA941413E2,defaults223,Paki Morris,(636) 746-5621,luctus@hotmail.com
9B147C4E-3545-4588-37F5-E982234509F5,defaults224,"Cox, Kenneth",472432735,sed.dui.fusce@google.com
E8664CC5-CE41-1E83-81CD-F5C6A2AEC833,defaults225,"Wall, Peter",(341) 424-8751,non.luctus@google.com
C3C814DB-3057-349F-3C45-B8A4B252918B,defaults226,Abbot Montoya,7455606464,ut.erat@outlook.com
8C5C44B9-68C9-4294-50FC-22D828FEE1C3,defaults227,"Barry, Hedda X.",(873) 903-8811,molestie@yahoo.com
6C494D20-0A47-6512-CE31-99DB7DCBC1A9,defaults228,John Doe,8413878996,nascetur@google.com
995B7EA2-433B-4EB1-2435-C624F87F59A5,defaults229,Maia Y. Blackburn,8745458656,nunc.quis@aol.com
220AAB97-BB60-6A74-EB10-3E7175DEB718,defaults230,Dana Stanton,6542759763,enim@aol.com
FED2DF9F-BB3A-E217-39D3-E83E1C7351ED,defaults231,Stewart Booker,1565227038,mollis.lectus@google.com
D79BCD65-8E6D-FAB7-62E7-5915FD102CA5,defaults232,Drake K. Stokes,7812546551,tellus.nunc@aol.com
74C7A064-C4E4-AA2B-A7BC-C57A77FE97E2,defaults233,"Le, Armando C.",(822) 789-1185,amet.faucibus@outlook.com
0E15EC77-32D7-43BC-B57E-8A95A1CE3713,defaults234,Chava U. Leonard,935162284,rutrum.eu@yahoo.com
E63EEEA3-EB51-E89C-4856-136EA5A94295,defaults235,Chelsea S. Valenzuela,1-915-277-2268,eu.ligula@icloud.com
D13A1866-A465-4D4B-DC9A-35529CC5E481,defaults236,"Cherry, Shoshana",(128) 729-1627,proin.ultrices.duis@icloud.com
65E1A1C2-BE2B-BB9A-2DE9-DCD6367E6447,defaults237,Emerald Brooks,6235354366,phasellus.fermentum@aol.com
AB5D6BD3-77E5-CCE5-668D-1475E3ED90E3,defaults238,Hayfa Berry,760535235,et@google.com
A35E1DAF-AE67-62BB-172B-A3B21E4122A1,defaults239,Reed Beck,(156) 458-0709,scelerisque@icloud.com
18691398-E59A-86CC-E9F8-B709DD343909,defaults240,"Cardenas, Jael L.",(894) 656-3804,vel@yahoo.com
E61CAA83-8DB9-07BF-AB33-3D5DBA246C93,defaults241,Keaton Cantrell,(586) 562-8954,proin.mi@yahoo.com
3501D6D9-2219-9727-FE17-83A18AEB4452,defaults242,"Price, Chastity",(522) 465-8848,ligula.aliquam.erat@icloud.com
4C08D611-65ED-245A-2635-349BBED2B4D8,defaults243,"Burke, Morgan",1-743-235-2281,parturient.montes.nascetur@hotmail.com
DF76385D-D79E-AA72-5F3A-EDD3237B7270,defaults244,Tarik Davidson,5176024692,odio.etiam@google.com
69B41D65-4098-2EC6-FDF1-C1317F85DD7A,defaults245,"Herman, Doris",1-678-735-0551,a.felis@yahoo.com
C8CB22C4-EBA5-D589-DABE-2257AC9049ED,defaults246,"Preston, Macy",3391872312,id.ante@yahoo.com
0703623C-EA8F-1CB5-281A-D6CD15CB3E6D,defaults247,Teagan M. Snow,3726333282,velit.sed.malesuada@google.com
1A3BD121-A595-79C7-259B-4947283189A6,defaults248,John Doe,(813) 448-1188,pede.nunc@outlook.com
2DE3E41A-E92C-9C86-5CC1-378BEC3DD751,defaults249,Reese Klein,000-000-0000,accumsan.convallis@outlook.com
9BEC2BC9-F84C-7265-CC76-26628A13A285,defaults250,"Delacruz, Ainsley",(353) 863-6502,default@gmail.com
DC47739D-5CEB-35F5-C64C-C8D934F86E66,defaults251,Iola Lynch,4533266726,velit.aliquam@yahoo.com
284A47BD-D5B5-8278-48B2-BED2FD2A5CC5,defaults252,"Valdez, Kalia Z.",1-793-925-0828,nisl.quisque.fringilla@aol.com
6C5D2338-5D59-6A48-9EA4-352C8DEDE240,defaults253,"Frost, Samuel",1-130-371-3895,risus.odio@google.com
39122472-98BE-324E-8287-28E53149B7C4,defaults254,Karen O. Burt,(723) 219-5915,lorem@aol.com
CB86412E-61EA-4E85-75B1-188DDE7D3A54,defaults255,John Doe,9957283878,molestie.sodales@aol.com
25DC33A9-5CCF-78B6-27E4-7DB08307C188,defaults256,John Doe,(780) 332-5103,ut.erat@aol.com
5159ADD0-A3A2-CC81-629A-854640AB184F,defaults257,Lois Simpson,1-569-663-1841,ipsum.cursus@hotmail.com
1BC5DB8D-7A6A-6769-2E0B-A0ED9DFD2642,defaults258,"Morrison, Dean",(468) 259-2147,vel.est.tempor@outlook.com
D244CEB1-A5E5-E283-EA6E-37D3B5851476,defaults259,"Levy, Meredith",000-000-0000,interdum.libero.dui@yahoo.com
552D72AA-EDC7-E944-7D37-AB028CEAD523,defaults260,Idola S. Mercado,1-881-567-1533,in@outlook.com
B097E1C9-AE79-1C7D-860C-EE35E3EF3487,defaults261,"Wilcox, Kennan",9518764629,adipiscing.mauris@aol.com
9ECDC1B9-3297-B2C4-621C-25EB1D5B32A8,defaults262,Lucian Whitney,000-000-0000,et.eros@outlook.com
209EB4EE-8D5B-B7EB-75D8-2F181DA5AD46,defaults263,"Moran, Amal Q.",(563) 281-8261,odio.auctor@hotmail.com
FAD8E311-8D86-F509-BE8B-E3D7959B3F82,defaults264,"Dennis, Caldwell",7830611143,nunc.id@yahoo.com
64454776-BD09-A770-533B-91CBE9ABEC8F,defaults265,Xantha Pittman,1-515-864-6573,fermentum.convallis@icloud.com
8529E38A-6D71-DCA3-276F-ABBCAF6CCE77,defaults266,John Doe,(358) 852-0313,dolor.quam@icloud.com
D08A84D9-C263-2EC7-4748-A8630E97B837,defaults267,"Ford, Alfreda",(362) 433-2561,default@gmail.com
AD45D02E-ED37-7E89-1457-46362D61AA24,defaults268,Madison Hampton,000-000-0000,neque.tellus@icloud.com
6F9E6737-674D-2B9E-9DDB-34246B1FB919,defaults269,"Parker, Oscar P.",(262) 556-8611,scelerisque@yahoo.com
A63E9105-48BE-4872-21B2-6CE2966FA4C1,defaults270,"Fisher, Warren",1-834-246-2244,sit.amet@google.com
B8A3E744-6A24-1A5F-125E-A5E2D571F819,defaults271,"Huber, Logan",000-000-0000,sed.dictum.proin@icloud.com
5D2093EB-1332-CE6A-880D-07B332688BF3,defaults272,Eagan R. Wall,1-228-471-3771,default@gmail.com
9507CDE3-B999-2CA9-23DD-9B5B8B8C5E26,defaults273,"Gould, Upton",413831750,lorem.eu.metus@icloud.com
6E317B31-9952-41B3-D09B-FEED62C8321A,defaults274,Penelope Salas,(476) 842-4862,malesuada.integer.id@hotmail.com
710BE9D7-F62C-48BA-1191-B887A3EDAA71,defaults275,"Pickett, Serena H.",(367) 414-1762,nec.ligula.consectetuer@yahoo.com
E79B77A1-9441-DF83-A884-44B5249D8F55,defaults276,Clementine U. Banks,1351192852,arcu@google.com
2B2B79DC-2B3F-36A5-D40A-B1A807610E62,defaults277,Clark Mathews,1-504-542-4736,sollicitudin@icloud.com
7CF32C36-1D77-A143-6487-42CBE8229F95,defaults278,Justina Y. Rivera,1-585-657-5253,at.lacus@yahoo.com
7471E002-7379-6A3E-F9A2-94206C4CC67B,defaults279,"Yang, Phoebe Y.",1-635-493-5197,donec.tincidunt.donec@google.com
5217F460-4AA4-EE3D-48B1-4477C8CA9B3B,defaults280,"Justice, Zephr",1-652-178-4969,ipsum@hotmail.com
EE9895AC-BC87-2E6B-E975-EDC1601AC99D,defaults281,Aaron K. Deleon,1-271-515-8281,adipiscing.non@yahoo.com
3E33ED86-AFC1-DE3E-9E93-BEB341BC7B38,defaults282,John Doe,1-862-545-9740,molestie.sodales.mauris@hotmail.com
7D3AD963-A42B-CAE6-9E4B-435BFAACD690,defaults283,"Rowland, Macaulay H.",8325483448,a.malesuada@hotmail.com
D04C2B86-CCAD-269E-C076-32AF5D26C7D2,defaults284,Rowan H. Mcguire,(432) 737-1453,justo@hotmail.com
48A51D18-A287-CD73-1BBE-74D44B5944C8,defaults285,Natalie Franklin,(285) 903-1555,ac.risus.morbi@outlook.com
1E1BCB51-D465-1B6E-D790-12BD80603349,defaults286,John Doe,(211) 354-8824,lacus.ut.nec@hotmail.com
363867C9-EA64-10D0-5F90-092E548CEBE5,defaults287,Meghan L. Cox,(413) 833-1270,ac.feugiat@google.com
624DAEC3-B1DF-CD19-B743-5C571ACAF12F,defaults288,Lyle S. Page,(612) 862-1942,default@gmail.com
566A61B7-585F-78A9-22E9-8084A5C260A3,defaults289,"Osborne, Ray",5455176180,turpis.non@outlook.com
6E225B33-C887-FA4D-1D12-A0C15439D5B2,defaults290,"Kirk, Lisandra",(104) 305-7120,default@gmail.com
0388A4B1-A46F-E2A1-7EE4-32943CB13765,defaults291,"Bryant, Quynn P.",4786437741,default@gmail.com
5DFD5FED-3C75-1D6A-A643-1DC4A766D242,defaults292,"Cervantes, Britanni",2192309036,urna.justo@aol.com
CB792374-92BB-BAE1-6BCA-5053CD412A4A,defaults293,John Doe,(464) 264-6574,nec@aol.com
9A91B7D5-596E-3620-E998-4335BC78478E,defaults294,"Lester, Orlando",1-452-141-6695,velit.egestas.lacinia@yahoo.com
C5801E6C-C563-65A4-ED15-DDA5A7B14172,defaults295,Tatyana Cleveland,4814271694,risus.a.ultricies@google.com
EBA1738D-BDA7-960B-A1D3-92DBEB67B267,defaults296,"Le, Anastasia Q.",841848153,neque.sed.eget@yahoo.com
B368D1D4-97AC-2369-2168-77779D310B56,defaults297,Raya O'donnell,1-829-553-0127,lobortis.augue@hotmail.com
16ACC2E9-7774-42C6-E22A-9DFCEB7CFF16,defaults298,John Doe,(903) 269-2917,default@gmail.com
BD5BA856-8E2C-175A-C1FF-1AB1A20D96B8,defaults299,"Wilkerson, Angela L.",3114244457,commodo.tincidunt.nibh@hotmail.com
51CB6776-1C98-97A6-A252-B4485B5496CB,defaults300,"Chapman, Malik",6970254991,dictum@icloud.com
6456D9E2-9DD6-B3A8-2362-8883A5611963,defaults301,"Curtis, Dane B.",000-000-0000,fermentum.fermentum.arcu@hotmail.com
CD7FC872-E9F1-9D33-72D2-E46D61861E57,defaults302,"Roberson, Lenore M.",9138666410,nascetur.ridiculus.mus@hotmail.com
99F15249-6AA1-873B-EECD-E8B5559C0983,defaults303,"Ashley, Lucy",(275) 437-6467,aliquet.odio@hotmail.com
C3D4594A-A3C7-F31F-5A4B-A60D69A9E627,defaults304,"Mercado, Shaine",8664257747,nec.quam@google.com
3B165966-C22C-21A8-6367-35B3374310A5,defaults305,John Doe,000-000-0000,nisi.aenean@icloud.com
253716E1-A3D9-7122-A254-DECB3218E5D5,defaults306,Plato Garrett,(525) 873-7896,libero@google.com
84E56AEF-3643-7138-2569-8E92CBA1D4B6,defaults307,Jermaine Mcdowell,8764280211,libero.morbi@icloud.com
A4116A13-B27D-88D2-FC71-E8232C14D151,defaults308,"Fischer, Barclay W.",6858635269,default@gmail.com
574E16FE-E08B-AD49-D435-118B61D3D85E,defaults309,"Howard, Kaye",1-534-798-7135,default@gmail.com
53ECE734-14DE-B4EE-CA3D-CB939E839F4A,defaults310,"Gentry, Chester",1-979-437-8471,ornare.facilisis.eget@hotmail.com
CB6B247C-45D0-B293-DBB3-ABA8FDFBD3A8,defaults311,Abbot T. Bean,(432) 793-2329,ornare@hotmail.com
BF1E0968-A415-D039-A73E-5B480E1A8D62,defaults312,John Doe,1-909-335-5867,porta.elit@aol.com
A87AB54A-A085-9666-9FD7-756CEA5F6808,defaults313,"Wilkerson, Imelda",000-000-0000,neque.sed@yahoo.com
BCF5799B-5712-9524-D3E0-8FCA595B51E7,defaults314,"Sweeney, Sharon B.",1-582-146-7692,odio@yahoo.com
9CB8D09D-75B9-B8C2-6AD2-417CAD0EA9E2,defaults315,"Boyer, Lael",5786964061,default@gmail.com
DCAD3121-7632-C454-B4C3-113B18D83BB9,defaults316,Oren Bush,(841) 228-1558,aliquet.molestie.tellus@icloud.com
79D03613-1D35-3A68-6EE2-5B8EABF4669A,defaults317,Vance I. Fuentes,3258327655,aliquet@icloud.com
77B1B570-9345-8F1D-D8C5-91E32502E3A3,defaults318,Zorita X. Allison,7220488873,lacus.ut@aol.com
7188E9E0-D914-58A7-51AE-9B642CEA859B,defaults319,"Whitley, Bevis",(789) 525-8245,et.malesuada@icloud.com
5AF77335-EE28-C821-9954-781C9500309E,defaults320,Steven E. Horne,000-000-0000,non.ante@hotmail.com
7E17C4F9-7D33-8C32-AB95-9189E4AEF62E,defaults321,Courtney Graves,3513727818,arcu.eu@google.com
78108EE5-1BCF-C3C4-8AD6-D116A2C9693F,defaults322,John Doe,(767) 224-7761,ultricies.dignissim@outlook.com
1EF54545-3EDD-6BC4-17CC-19CE04219E35,defaults323,Oscar K. Marks,8724225776,pede@icloud.com
371C872C-0D07-306D-86B1-495DDD6E3950,defaults324,Darius S. Wilder,8225067362,nunc.commodo.auctor@yahoo.com
AB6E9261-D3EC-F55B-9700-6E4A937C1161,defaults325,"O'donnell, Dorian",(888) 607-3118,adipiscing.elit.aliquam@aol.com
221197F7-ED57-4996-DA07-329605844F38,defaults326,Macey Z. Barton,(658) 476-2142,nullam.lobortis@aol.com
A3B47EB2-0CCA-BDBC-54AC-CCD85C1BF9C3,defaults327,Oleg Burks,1-783-878-0363,nibh.donec@icloud.com
C265D71C-532D-C0A2-1DDE-4CC3ED44557D,defaults328,"Madden, Tyler V.",(440) 119-5883,tortor@aol.com
0443B3BC-8E61-0169-4398-ED9F6A925235,defaults329,"Baird, Ginger Y.",1-274-625-0684,non.quam@yahoo.com
3746A6AB-5477-6408-C6CC-BAB28BB3795C,defaults330,Hunter Kirkland,6723524013,eu.arcu.morbi@icloud.com
8631AF5A-4A89-A836-87D6-CD67636A192D,defaults331,"Ryan, Anastasia N.",000-000-0000,default@gmail.com
4B899781-C565-982A-87D7-84C54993DA47,defaults332,"Anthony, Barbara R.",000-000-0000,imperdiet.erat@icloud.com
4BEC186E-FBC4-9D42-7DA3-671506ADA0C8,defaults333,Germane J. Wynn,(561) 691-9746,mus.aenean@yahoo.com
FC3344A8-827B-B769-C21C-B533D208D0A7,defaults334,Velma T. Paul,(981) 357-5436,donec.porttitor@aol.com
3591AA40-7F76-2B34-66CF-82868ED9885B,defaults335,John Doe,(850) 727-2211,magna@hotmail.com
BE6B42B9-228E-B1D9-1A10-766ABAE3C931,defaults336,Callie Orr,1-585-773-8780,metus@outlook.com
1899AB06-C764-5D15-B15F-7CE716B56B62,defaults337,Tiger A. Mcfarland,1-348-651-4631,justo@yahoo.com
B97EC8BB-A275-650E-4BD5-B8CCDB33EBB2,defaults338,John Doe,(286) 641-1763,vitae.erat.vivamus@google.com
1E205EAB-9A4A-7D54-9C9D-437BEB93AA1D,defaults339,Yoshio Z. Welch,000-000-0000,risus@outlook.com
6B279862-8F5D-6BF1-B57F-4A8EDA639E87,defaults340,John Doe,1-765-591-3386,tempor.diam.dictum@icloud.com
51E01E68-4193-BC4B-2595-D7A1EA18E912,defaults341,"Fields, Harding",1-688-775-0147,default@gmail.com
6B1CD319-982B-E0EA-A5C9-276DE90D5353,defaults342,"Phelps, Gage",(548) 621-0146,vel@icloud.com
70C40C6C-7E04-61DB-A817-A8E898C39238,defaults343,"Mejia, Russell",2400243373,enim.mauris@google.com
F23DE2C7-4094-AC74-4808-43A146D04993,defaults344,John Doe,4292182882,imperdiet.ullamcorper.duis@hotmail.com
81A6716D-748B-B62A-F2F2-B048897FFDA7,defaults345,"Branch, Maryam",157497145,egestas@yahoo.com
C7E5B195-A2FD-24D6-2DF2-53B5D146AF72,defaults346,"Macdonald, Keaton",(664) 872-8277,lorem.donec@outlook.com
6A3EA9DF-CC26-F517-B764-2DA37E588EEE,defaults347,"Riley, Benjamin",000-000-0000,default@gmail.com
CF139E6E-7723-1D58-5F6B-EC7803342651,defaults348,"Benson, Elton",(953) 703-8060,nec.malesuada.ut@icloud.com
B1CB8C07-68B0-D7C9-4268-A2F649D72E1B,defaults349,Brooke W. Duffy,1-581-460-7646,luctus.ipsum@yahoo.com
281AE619-D4A9-A104-E5C0-93715FF7E234,defaults350,Rebekah Austin,000-000-0000,molestie@google.com
63BAD22E-AAE1-E3E6-BD4E-157357032D3D,defaults351,Barrett Tate,7044434293,nunc@outlook.com
59BC3180-B4E8-CE31-B419-D4C1ED198EB8,defaults352,"Blackwell, Rahim",1-627-602-7876,lectus@google.com
668DBD38-315A-2662-BE9A-53E3FB93E16E,defaults353,Eugenia B. Wong,1532048881,in.hendrerit.consectetuer@outlook.com
38A7C5A8-DCFB-F6BF-CCB4-13839122CCA0,defaults354,"Fields, Madison",3448879910,ornare.elit.elit@google.com
BA4C3DE8-82EB-552B-EB42-8D96ADCE59EA,defaults355,Carter Dalton,1-872-938-5211,orci@icloud.com
DE555E05-3569-3B9F-9548-74DE3BE0059E,defaults356,John Doe,000-000-0000,dolor.sit@aol.com
3DEF95EB-4E7C-4FCA-8F79-C6A73D50BCB8,defaults357,Gage Crawford,1-534-451-7275,ac@aol.com
374B6EDE-B679-3A58-827D-898D49804CBC,defaults358,"Hood, Pandora",(232) 765-4341,nullam@icloud.com
D453CC92-FA18-CA6B-2868-F493A671B09C,defaults359,John Doe,(323) 365-5223,enim.nunc@hotmail.com
B071B518-5ED8-4EFE-6E32-DEB2D4EC53C0,defaults360,Adara Raymond,1-894-625-5953,nisl@hotmail.com
E939E994-21A5-66B2-426E-BA1B59C0B260,defaults361,"Fletcher, Kitra K.",1-757-412-6466,sodales@yahoo.com
2AEAD813-33F3-348B-6545-2A2BDB7C26A6,defaults362,"Walls, Daquan",1-686-142-7636,risus.nulla.eget@outlook.com
0867489C-7F9B-C796-549C-34BDB2BBB81A,defaults363,"Richards, Chadwick",1-215-547-4934,nunc@hotmail.com
792B2063-F5AC-9CD7-2B8E-ACD7537B9C82,defaults364,Hedley Young,1-344-730-3478,curabitur.vel.lectus@icloud.com
19391C7C-6262-A13E-16F5-44B826F8DED4,defaults365,"Mack, Zane",(272) 889-0784,sit.amet.risus@google.com
6893D1B1-DBB4-671A-464A-3A4C4B81B947,defaults366,"Reeves, Gemma",000-000-0000,pharetra.nibh@hotmail.com
E3599ABC-DC16-6C9E-F79D-9430B9D30A4E,defaults367,John Doe,3774523260,faucibus.lectus@aol.com
94C3EC8F-852F-98FF-6497-A1E5DD593A87,defaults368,"Kirk, Damon",(534) 220-8721,et.netus@yahoo.com
2B3E1C6B-554D-C43D-AED5-7636797407EB,defaults369,John Doe,1-613-345-3123,proin.non.massa@hotmail.com
353D5B2A-5432-568B-E2FA-832475A139D3,defaults370,Doris D. Donovan,8514994617,maecenas.libero@aol.com
5ED7F815-33BD-5288-D278-93834C1CC302,defaults371,"Simmons, Bell",3647819817,integer@yahoo.com
96AE9EF3-6B2F-E3F9-7F40-3DAAD99137F8,defaults372,"Castro, Denton J.",(263) 384-9813,magna.suspendisse.tristique@outlook.com
6D98EB78-4379-1C33-AAEA-94C3D971D49F,defaults373,"Huber, Katelyn D.",(448) 887-8328,aliquam@google.com
7C034DA7-EA27-62D3-838F-4A69A55A03B6,defaults374,Clinton D. Atkins,(869) 615-3153,pede.blandit.congue@icloud.com
B8DA3203-6965-7BCA-EBF1-C98EF0676623,defaults375,"Morgan, Jescie",(889) 573-5680,duis.dignissim@hotmail.com
9642498E-5598-2738-7F9A-22CBAF108346,defaults376,"Herman, Mannix R.",000-000-0000,tincidunt@google.com
2DC16802-3578-79DB-4441-2A8154ED034A,defaults377,Dalton Pate,(933) 576-8772,dolor@google.com
1987EF1A-26E4-2385-62B9-2E1C935C848B,defaults378,"Emerson, Asher",(817) 354-0671,sem.semper@yahoo.com
CCD20B33-A266-54B2-429F-B617B7E65ABE,defaults379,Mona G. Kelly,(336) 350-2359,morbi.tristique.senectus@icloud.com
F90A679B-6EC8-7172-CD33-ED8115C8E355,defaults380,"Mercer, Isabelle X.",000-000-0000,eros.turpis.non@icloud.com
A9748C93-C195-DD90-6723-8494C39778DE,defaults381,Arthur Sharpe,(777) 728-0682,at@icloud.com
52D75E99-275C-FE63-95C7-84C3EDDA9748,defaults382,"Cervantes, Germane Y.",1-192-862-6789,felis.adipiscing.fringilla@yahoo.com
429A1C1B-AD9B-AD17-C1BE-3D65EFA1B007,defaults383,Ian O. Stanton,1-846-467-8484,convallis.in@yahoo.com
33D6309B-977C-457B-C908-69E44ED95480,defaults384,"Griffin, Nicholas C.",6124121374,vitae.diam@icloud.com
EE9856EF-C877-41CB-996E-B959F03A699D,defaults385,Hayes Boyd,(323) 551-8971,augue.id.ante@google.com
50B51448-B419-3814-4141-DD8FC81414EC,defaults386,Donovan Wallace,1-711-173-4520,auctor@icloud.com
066A98CE-C193-967F-BCB4-2B4E4AAF943F,defaults387,Prescott Robinson,(344) 923-3414,nonummy.ultricies@yahoo.com
D2326C37-2BDD-F73A-BB1A-18AC8121B049,defaults388,Shana G. Hayden,1-173-491-4163,nulla.dignissim@yahoo.com
1E3557E6-E35E-28BA-4ACF-C05724305DF1,defaults389,"Padilla, Allegra",(872) 771-8664,default@gmail.com
A319AAC1-A6A4-A7CB-8212-76E52C4C8E06,defaults390,Melvin Allen,(166) 941-8992,iaculis@yahoo.com
8A15A9AD-5D5E-C9E5-3142-3F943A718BB1,defaults391,"Church, Chaney H.",1-953-710-3831,eleifend.nec.malesuada@hotmail.com
D7E93652-52C7-7A8C-32D3-8B1B75013D68,defaults392,Octavius G. Norris,(924) 774-5833,enim.consequat@google.com
E525472B-C706-3A2E-898F-A911EBE55483,defaults393,Levi B. Fowler,1-808-786-5763,cras.vulputate@yahoo.com
B87851AD-E2BD-EC6F-919C-ADDBB6D37335,defaults394,Cody K. Battle,000-000-0000,molestie.tellus@icloud.com
99E74F64-8B3C-9EE4-5B6C-24DB74A49699,defaults395,Otto A. Padilla,000-000-0000,parturient.montes@hotmail.com
61196727-35DC-316E-8CF5-4E4ECCC57DD8,defaults396,"Molina, Hamish",000-000-0000,risus.a@yahoo.com
606DBCE5-CD37-FE87-2684-C3A2779CD75D,defaults397,"Mayo, Ryder",3976881516,nunc@hotmail.com
792E7C86-13DA-7716-CCCC-93AB4AEDED88,defaults398,John Doe,1-215-222-9173,turpis.aliquam.adipiscing@yahoo.com
C58B86DC-3958-C667-77C4-8068AC60123E,defaults399,Rhonda Butler,1-787-243-5113,mi.ac.mattis@yahoo.com
6DCCC5BC-2425-DFE4-2448-C956C33B25CC,defaults400,Sade Miller,(655) 258-7737,dictum@icloud.com
3537562E-C81F-894B-D170-A05BB06FA206,defaults401,Hilda Duke,1-422-925-2455,nunc.risus@outlook.com
E61D8960-9A72-61BE-C37C-AC8E5712D9B8,defaults402,John Doe,1-110-654-9160,dolor.tempus@outlook.com
1DDD7FD3-D49B-CA3A-1295-811B7358EF07,defaults403,Laith Hale,1-263-335-1640,quis.diam@outlook.com
E75B8DED-4DA1-207C-1523-E7C377527714,defaults404,Brennan Hanson,000-000-0000,erat.neque@outlook.com
C9A9AD8A-CC23-D449-F540-372589A440A3,defaults405,John Doe,000-000-0000,erat.nonummy@icloud.com
22CA663C-2BC6-959E-4A2D-B98222B89559,defaults406,Serina Franco,7522033711,mattis.velit.justo@hotmail.com
3AEA4FEE-64C9-DE09-5CBC-4515B41D38DA,defaults407,"Bentley, Mariko",000-000-0000,a.facilisis@hotmail.com
E66D3787-9CEA-8CE5-439A-2AB391E4642E,defaults408,"Hampton, Tarik",(427) 149-4297,imperdiet@yahoo.com
5593F593-929E-1B9E-3927-A6017E946BFF,defaults409,"Mcgowan, Bree V.",(734) 418-8380,enim.nisl.elementum@aol.com
7E46B134-66D1-654F-4835-7045235C1043,defaults410,"Gould, Lana K.",8866114308,iaculis@outlook.com
B52C3ECA-7564-92E8-E4A1-585807112997,defaults411,Ruth Todd,1-251-258-9408,eget@aol.com
74F1B42B-BAC0-B0CC-0BF3-44DC1469B9BC,defaults412,"Bartlett, Armando U.",5195274751,amet.nulla@icloud.com
CBC594E3-C64B-E42A-B429-2346763D7B66,defaults413,Brett B. Bond,7234846943,mauris.morbi.non@aol.com
4CE87AD4-AD1B-4652-1741-2A96CCB41149,defaults414,John Doe,(453) 385-9818,ipsum.suspendisse.non@icloud.com
87F24593-CE24-8D14-341B-11A6BDEE89B2,defaults415,"Hughes, Zane",000-000-0000,donec.dignissim.magna@aol.com
94131B40-9132-6767-C6C2-E5C6258A513A,defaults416,"Coleman, Neil",1-548-487-6836,ornare.egestas.ligula@hotmail.com
E6C76219-3CE6-6918-BAAE-0A894EDB13A1,defaults417,John Doe,8522385675,enim.sed.nulla@yahoo.com
EB2FE866-134D-F7DE-2D43-4A2CE4F87569,defaults418,Kalia Bennett,000-000-0000,default@gmail.com
8F25A916-DBB1-957B-DA66-556742872A3A,defaults419,Camilla M. Dale,8784967771,integer.urna.vivamus@hotmail.com
1461D1DA-7E67-523E-1566-B3483C59A95F,defaults420,Oscar Shepard,(871) 753-2542,ante.maecenas.mi@outlook.com
BE7BC9D0-1003-2179-77B7-86427FD9D5AF,defaults421,Travis Contreras,1844553516,egestas@hotmail.com
CA45B3AE-60B7-59E4-B53E-8BAD8B11A9F3,defaults422,"Pickett, Upton",000-000-0000,pretium.et@outlook.com
27118C85-4409-1408-17C8-21378DEB1C28,defaults423,Cullen R. Hopper,(206) 248-7845,nibh@yahoo.com
90563912-E2D6-DC5C-8777-A617913C25C0,defaults424,Serena Wilkerson,000-000-0000,est.vitae.sodales@icloud.com
ECAB84CF-3734-7A27-184D-DECB2D9BDE97,defaults425,"Castaneda, Signe K.",2222524486,default@gmail.com
48DA966B-05C5-75B2-3EB1-B8926541A4A9,defaults426,Yoshio Q. Manning,213672721,mi.aliquam@yahoo.com
05681293-E8D6-4EBE-04B2-FCDA5EE25EB4,defaults427,"Sherman, Cooper",1-834-415-9335,ut.dolor.dapibus@hotmail.com
A43C54AE-0C0A-672E-EACB-B1DAC802C749,defaults428,John Doe,000-000-0000,eu.placerat.eget@icloud.com
0198538D-C331-B6EB-28D4-81FCE917AFA9,defaults429,"Mack, Colleen",1-448-506-5438,scelerisque.mollis@google.com
BA2421BB-D737-E947-03C0-2EE9E85753D9,defaults430,Quentin Nixon,7461055115,est@icloud.com
272D628F-B377-A3C8-3107-66361638EF39,defaults431,"Wells, Kameko",1-940-885-8957,dolor.fusce@outlook.com
CD477937-5627-3467-28A6-5EED35EE16D2,defaults432,Cheyenne Frost,(266) 727-4089,mauris.vel@google.com
6E58D1EC-6452-1EB6-126E-4BA81EBEEB3D,defaults433,"Chen, Shelly G.",2255675212,felis.ullamcorper.viverra@google.com
A1E84DCB-E771-6216-251C-C77740D3C174,defaults434,TaShya Holder,8447371173,blandit.viverra@yahoo.com
ADD22B5D-B8A4-022A-0340-FD9AC6E73092,defaults435,Aristotle Roman,000-000-0000,dictum.eleifend@hotmail.com
5CBE9CC3-3579-AD65-9E5C-D5CCB36B3B5E,defaults436,Geraldine W. Callahan,8764952387,neque.sed@outlook.com
576132B3-E3EC-670F-D3AE-58447BACAE48,defaults437,"Rowland, Hector S.",000-000-0000,erat@aol.com
23F0E93E-EFF8-5182-6A8B-F2B752B4E53C,defaults438,"Warner, Minerva",3384657352,egestas.rhoncus@hotmail.com
A3CC24E3-E09C-5DD4-09DE-1B4462D5956B,defaults439,Josiah V. Bird,1-450-641-7352,default@gmail.com
B8763AA7-D2A7-D4DB-B62A-DA6C89FB5A3C,defaults440,Boris Lott,9683665316,cras.lorem@google.com
9C2887AD-340E-7138-B4E6-A11ED27D622E,defaults441,Dahlia X. Ray,3543188618,sed.pede@google.com
891AD19E-6A51-3871-AB01-54725885B9CA,defaults442,"Booker, Mohammad L.",(849) 573-5214,eget.mollis@yahoo.com
7C65A2CC-C4D1-EA77-DCE3-56D42ACE31AD,defaults443,Thomas F. Kane,1-722-876-8452,malesuada@aol.com
6724CF86-EB3F-7B83-765D-F72FCBD3DD3B,defaults444,Oren W. Griffin,000-000-0000,vitae.erat.vel@aol.com
9E7B5E11-2C58-2A2D-595E-58D0761E86E1,defaults445,Judith M. Acevedo,9148427213,nisl.elementum@outlook.com
AD40EDD2-D019-CDB6-61F8-C97416FC686A,defaults446,"Chambers, Ivy R.",(671) 842-8746,orci.lacus@yahoo.com
C1589619-7DA9-EAC5-55D6-AAC641663397,defaults447,"Pittman, Ulric",1-368-962-9722,eu@hotmail.com
04B5D197-9276-BF90-2DCF-C67B61236785,defaults448,"Nieves, Charles",1-413-792-8083,ridiculus.mus.proin@hotmail.com
2A4CB254-3514-6452-3C1C-BBF7A0893A15,defaults449,"Riley, Giacomo V.",1-748-597-6326,malesuada.ut.sem@aol.com
5EECA112-B944-0BA5-14C1-AC49ECE71827,defaults450,John Doe,1-774-648-2130,vestibulum.mauris@yahoo.com
103CA41F-7B74-44F9-14D2-19DC12A18D13,defaults451,"Hughes, Howard",1-862-787-3437,eleifend.cras@icloud.com
74398452-564C-59CD-7B9D-C1A36E96DA3E,defaults452,Martin E. Santana,000-000-0000,dolor.fusce@aol.com
5E2EE96D-DE5A-3F1B-2A86-529B46EFE46A,defaults453,"Chavez, Lev",(333) 734-3180,semper@aol.com
B9CCE226-62BC-3434-2D48-CE9AAB2C3A58,defaults454,"Bates, Paki",1-417-391-5667,varius.orci.in@google.com
73644A74-5D49-DDC6-FCD7-1B228E86E852,defaults455,"Hogan, Iris X.",1-822-908-1238,pellentesque.ultricies@icloud.com
60C013BD-73DF-3BBD-8436-B288BC3E15ED,defaults456,"Frost, Hashim B.",671846625,commodo.at.libero@yahoo.com
31AADE65-5B30-2735-DC35-6B8B9816BBF5,defaults457,"Young, Aurora G.",(475) 774-2671,ligula.tortor.dictum@yahoo.com
1DD99281-D44A-2EA0-B2B8-F03C4227A01D,defaults458,Dorian D. Taylor,(558) 659-7382,dui.nec.tempus@aol.com
77042679-DBC6-B814-9572-9BDFA608E47C,defaults459,"Levine, Scott J.",(411) 519-1378,fringilla.mi@google.com
56482EAA-A112-38A0-27B9-5AE598A8BDCD,defaults460,Wing U. Weiss,1-496-808-4124,nunc.interdum@yahoo.com
AA12891C-74AB-F99E-6886-BF16249AEE8E,defaults461,Chaney J. Rojas,1-460-740-3157,dui.nec.urna@icloud.com
671A68F7-43DA-DCAD-13F4-FC418805F5D2,defaults462,John Doe,1-366-310-7108,phasellus.dolor@outlook.com
4167A4B9-4DDF-A6B2-6D24-86200596B810,defaults463,Libby Martinez,(655) 512-6628,massa.mauris@outlook.com
5E221EC1-3839-6599-0991-34FE8F60DA9A,defaults464,Leo Delgado,1-233-722-9281,aliquam.eros@outlook.com
7A6F6529-9A7F-09B7-DF39-C356CFE5F569,defaults465,Honorato Hoover,2992641264,eu.ligula@icloud.com
E58652B9-BEE6-2192-F998-549A8AE07793,defaults466,"Guerrero, Chase J.",1-550-240-2226,default@gmail.com
7191D4B5-D731-7DB3-715E-67B7DE8BE5CA,defaults467,"Ayers, Xavier",1-274-142-7696,viverra.donec@hotmail.com
9BE3767E-E8AA-8B61-D014-857AD84AA7D0,defaults468,Ori F. Spence,1809520709,a.nunc@aol.com
8394460B-7BCB-A0D1-2018-234081B1665B,defaults469,Lyle L. Rasmussen,152815725,fermentum@google.com
E34DB622-A964-4EC5-D939-D4B9C05E03E7,defaults470,John Doe,(858) 337-2294,egestas@aol.com
85ED87BC-9C21-1A8E-F8D0-854C8C6AE8BC,defaults471,"Eaton, Tallulah B.",(708) 522-6412,dignissim@outlook.com
81B906C9-DC73-03C4-3C89-97E18BE4156E,defaults472,Martena C. Welch,(158) 768-1347,sagittis.felis@icloud.com
508133F4-8382-03C9-4BEC-4405AD2FB6E9,defaults473,Emily M. Walker,(898) 818-7311,euismod@yahoo.com
B7241C5E-C5CB-EA6B-08D2-62335C030539,defaults474,"Haley, Dexter M.",(640) 770-8613,vivamus.molestie@aol.com
B3458D17-069A-4C5F-BA8A-CF180DC04220,defaults475,"Hanson, Ruth",(453) 638-3592,nisl.maecenas@hotmail.com
CEDE21E7-7110-DE4B-97AB-049478C7B83B,defaults476,Nolan Ford,(364) 817-5781,default@gmail.com
2AE6A684-144E-4171-36C1-2EB2234AEC36,defaults477,Wynne O. Barrera,(864) 438-2835,default@gmail.com
E2E6ED09-1DEF-33DA-CEA3-338D5E46B77B,defaults478,"Turner, Jorden V.",000-000-0000,maecenas.malesuada@outlook.com
E5B3BEA6-24B6-5B41-BA1B-92179FB0A330,defaults479,Dominique Mccarty,(534) 573-5596,ipsum@aol.com
AC6727F3-7DC1-14F3-D878-1E1E2E876396,defaults480,Conan Bishop,3657270134,amet.risus.donec@hotmail.com
96A6BDAB-1E73-F6E6-A695-8FC78A83F171,defaults481,Christopher Dudley,000-000-0000,default@gmail.com
BBBB9768-C50E-267C-C6C0-A0CAD6664AAD,defaults482,"Marquez, Mechelle L.",000-000-0000,eget.metus.in@google.com
E9986FE9-7719-5920-D562-ECE917891E3D,defaults483,"Lloyd, Kato Q.",(721) 206-6137,default@gmail.com
E331728A-67C1-0DB1-BA9D-2CBD2D2270B8,defaults484,"Floyd, Iris",2164454212,sit.amet.risus@outlook.com
227CE7F0-581E-7887-96AD-732B58D280F7,defaults485,"Greene, Garth G.",(138) 236-8346,fringilla.mi.lacinia@google.com
C44B181A-2469-4275-E645-255CDF5B3813,defaults486,Mercedes O. Collins,(590) 387-8436,pede@hotmail.com
DD56D658-7D91-BE7E-3927-75E48EC9D832,defaults487,John Doe,1-393-653-3741,risus.odio@yahoo.com
B6913776-DCD1-E3B2-0242-29E112CA0D9E,defaults488,Finn Z. Tyler,1-648-275-1884,dolor.egestas.rhoncus@yahoo.com
E4312372-03C8-1F9B-3E18-42F42071C22D,defaults489,"Carson, Oliver",8117415199,aliquet.magna@aol.com
1C93DCEC-CCB2-CF2D-8A76-4B77DAC47DA3,defaults490,"Meadows, Stephen M.",2587315367,amet.ornare@icloud.com
A42E5D66-C4A6-1AA3-AF4F-AA54B3F6DE39,defaults491,"Woodward, Ian K.",(889) 772-1865,at@hotmail.com
45C1C857-4A1C-4A52-13C5-711F15018462,defaults492,Gray Lewis,1-283-863-8538,interdum.nunc@aol.com
A4191BD7-EDEE-28CA-5675-C3364496F87E,defaults493,Melvin D. Lewis,7988527606,tellus.suspendisse.sed@aol.com
0AD2149D-347F-3726-D6EC-AB5AEF761216,defaults494,Fuller Brewer,1-226-763-2606,donec.tincidunt@aol.com
282DC1D9-C042-7B25-119A-76BD65F3A2AC,defaults495,John Doe,6379036634,sagittis.semper.nam@hotmail.com
9C11446C-4A18-5EC1-8602-664C3CC8661A,defaults496,"Ray, Vivian T.",6533885189,lorem.fringilla.ornare@google.com
82146EA4-FB0F-BFC2-1C28-21818A927899,defaults497,Martin N. Mcbride,8350244751,sed.pharetra@hotmail.com
E27EE8DA-1994-2AC4-D563-AA12E9997933,defaults498,Ian Reyes,7042765099,eu@icloud.com
7E97F5F4-EB2E-68C7-8C24-E2AAE340C149,defaults499,"Potter, Rachel Y.",(581) 437-4682,elit@hotmail.com
B387DAA9-4BFA-D971-484D-30A95BD5A253,defaults500,Herrod K. Maldonado,3384407823,mollis.lectus@outlook.com