refId-ignore,uid,name,phone
C794EC56-C8F6-D51E-FFDA-9464AE0FC62A,formatting1, silas carlson,7431477199
99A89915-15A4-DFC6-D1FA-A3E0ECDBCCAC,formatting2, tamara olsen,2587452235
BBFE4FA0-68E5-7783-2ACC-EFE1563BF73F,formatting3, gemma combs,3365354515
ED83C421-A13C-781E-9A39-4817C4B2E29A,formatting4, brooke daniel,8273780698
5251F8BE-CA75-4849-183A-DD86EEBD8164,formatting5, ryder bishop,7718125897
364AA1DF-B927-CD3D-54AC-CA6E471C3A52,formatting6, pascale q mcclain,7928851234
E4514E01-B542-06C7-24D8-909DBCCE5621,formatting7, indira herrera,8436666077
E92233D6-BCCC-C22A-C63E-88121D698194,formatting8, akeem perry,8186646674
352EC525-19DF-C097-D3CA-38368E191F13,formatting9, channing michael,4327103775
F11B8926-7DF2-222B-CE26-7B2AB347A7AB,formatting10, palmer l rasmussen,6629778745
88D8BC88-7BE6-EA2D-FC35-E2C891DF47F7,formatting11, keely rodriguez,2347787021
C97DCA75-1455-37DE-8E91-D2DE9871C261,formatting12, pascale bowen,2370344836
C411A76A-FB66-5C38-9841-2C6343D4571B,formatting13, geoffrey y hood,9549794205
4A6BEC37-572E-DCAD-2311-FB39969F9914,formatting14, wilma c maldonado,6124357365
BB8B7616-5DF6-E913-128A-25EA1D632A21,formatting15, oliver mathis,3596645768
5865444A-EA43-9A67-BCEF-B6E3C7431EAD,formatting16, ashton d stout,2605420340
3D1B2E7A-A5D2-49AA-8108-C1FC27936289,formatting17, nigel p parsons,8255626840
CCCBF157-05EA-14B0-8CC9-6C5AD1C8F8AA,formatting18, aspen p becker,3516536652
1CA11854-A413-E518-8632-6DB92754D890,formatting19, jolene y rocha,7423477057
BA2769A0-6830-74A9-5517-F6CD8213B415,formatting20, garrison manning,3669048555
F975EDE9-888B-541D-4BB8-D47877693C6A,formatting21, germaine riggs,8134472080
9C41C333-960E-C102-8532-9DDE7CC758BC,formatting22, idona whitney,6288273723
76430BEE-4E17-4853-3EA1-F6C32577CA88,formatting23, harriet j brewer,3434468645
0C6BC537-8264-C9ED-EBAE-4DD351286656,formatting24, channing carroll,2363628956
2EE5AB4E-2B1A-0BA8-3571-5C8B62E91B99,formatting25, quintessa barker,2626514585
B64DB89E-7B50-8183-5669-1CBB8554BE5A,formatting26, orlando snider,6426275637
003D827A-9526-6064-4D8B-9D38D6B69BFE,formatting27, quinlan hodges,7996068207
25CA4E67-5368-4C2D-D047-3129E6D52EC8,formatting28, cassady j cole,5002622596
5DFA45A3-E6FA-5479-147A-18ADCDB87182,formatting29, zahir k stephenson,6388643537
64AD3589-CB86-B83A-D13E-A7BD2234364C,formatting30, sandra o'neill,8108420857
F3E7446B-17DB-E419-23B1-1C1DC4186EE4,formatting31, rhona p kim,8138854636
980A4546-2E2E-737D-3953-D2C8C83A9788,formatting32, hadley v daniels,5448723246
6C2247C6-5B95-71C1-B5D3-7F9949B3DA53,formatting33, hedy p vaughan,7796464188
332929BC-8B84-6A48-B07B-861461B23DF8,formatting34, jermaine pratt,5264089828
F6CE9CCC-160E-8A67-ACE7-28DBA5FCE544,formatting35, lesley c wells,3564777446
D6B6C83D-B7BF-9D8E-BEAC-51733567943D,formatting36, aidan v barr,6574608745
61EBD28B-B4A5-DCDD-F166-79F386731F28,formatting37, lana v gardner,4947177435
0D24395C-5AA8-A8C4-99B4-4DE5DB3DD76D,formatting38, vielka j frye,6656223141
AA3A6B34-B5CC-1BC8-34A6-DB3D5FF2CA3C,formatting39, kibo morrison,5983372303
A1DB2FC1-CE6D-4CDD-91F5-AF4998A7DD44,formatting40, freya n austin,3548750299
69C1A5E3-F6D5-5A12-C5CC-C693D95223B4,formatting41, norman u henderson,2264293234
3ED2A18E-4A7B-14DE-7A15-6D7DCFB9C6E8,formatting42, keelie b chapman,4074022884
15A8BC56-CA0D-6FF6-CF8A-0903E75DB646,formatting43, wilma blake,7617102923
B4921970-D023-D235-1391-D6EC83875381,formatting44, eagan i hurst,7615225311
33A1A58A-2AC7-244C-46EC-CCE5010B9669,formatting45, gil hess,3944466932
D9D6BA33-6C8B-1DE8-6266-94A8D85D9EB6,formatting46, martha t short,1933826063
2E94233D-876E-1902-5A50-A1A249288714,formatting47, devin v gay,4856455287
8069403D-E943-69E8-7C70-8C53E2CEA381,formatting48, hollee beck,6889095332
488355AE-653D-5590-F5E2-F2657D935042,formatting49, tanner guthrie,7553967455
783AC182-9A39-2A73-B434-3004DA3CD3C2,formatting50, perry simpson,3275939053
05172DA0-5806-1BBC-2BEC-4651485D453C,formatting51, nyssa singleton,5529744565
CC58673D-E517-734E-DE96-181D4E7563EE,formatting52, maisie d reeves,4513353479
CE9B2793-4197-9BA2-ED95-CCD665B41758,formatting53, sophia d morris,8689853182
A3B72A62-0B26-769C-9E94-2226767677EA,formatting54, yael w collier,7113201175
03ACD71B-BE31-5989-1397-F878BF043CD0,formatting55, leigh mcgowan,5267257212
852CFE7B-AD38-3430-2AD2-C70423C9B3B1,formatting56, neil harper,5883762025
9491317B-BA7D-2B51-5B75-D725D30B2E65,formatting57, nicole u bonner,3566527137
CED25863-03A4-883F-8114-AD818D7C3779,formatting58, ori shepherd,1706466655
77672D1D-2B64-61A5-FD3D-88ED4B9ACDAD,formatting59, angelica wiggins,1818606863
721B4351-0C78-C9BF-126C-9401693ADC79,formatting60, merritt howard,2543815342
C1E29C97-7477-A5FC-E937-E5EB6B6757AB,formatting61, perry carey,7218707087
A37A6D04-826D-434F-F1EB-58871E6DB761,formatting62, alden c sanford,7531572667
D90E5905-5765-34A1-7CD6-15C4861E4D97,formatting63, elmo k dejesus,6858688732
7F6562CD-A75A-4CA5-F5C4-325A2E983A6B,formatting64, claudia cobb,2798855836
8C11DCD8-E2A1-54B8-37A7-BED8136B98F1,formatting65, alexandra r suarez,6847694147
B8C726A1-5ECB-E59D-7CC1-390394B5DF32,formatting66, hiroko clements,567094585
EC8B6A89-0C13-80EE-15C7-9656FBEAAA8D,formatting67, eliana w pena,8393581047
B4FEEA86-A83F-96A6-877D-56D74C25D385,formatting68, charissa b lancaster,2239392220
BABB43C4-4885-CBBE-AD31-6D6E8F554695,formatting69, colorado frost,6408641358
9932D572-FA8B-A9DA-EF16-3A019A075538,formatting70, kelsey u snyder,5555377668
297B63D9-C856-9C71-522D-C18D236BCAA1,formatting71, yoko o goff,7156707275
26B76783-4F85-74C9-9CD1-FD3A97954892,formatting72, isaiah gillespie,7552091487
89828F12-5425-533E-6F6A-9C3A8414E383,formatting73, wesley johnson,7243517942
468C3967-017D-E421-193A-85945AA05673,formatting74, cameron sanchez,5844215612
9336077C-8533-624A-18BB-CEFC34085999,formatting75, conan lucas,7461436739
D7C857A5-EE11-828D-DADA-EF346F6DEEDF,formatting76, fritz j camacho,6526785690
E3C78961-6B1A-1424-29A9-5E45732AD10F,formatting77, gannon puckett,2258780514
B46D89A8-87D7-BA2E-4F52-49AC11CC8B05,formatting78, rana m cunningham,7127403934
E413DEF4-A541-DDDE-3A3E-77C9195835C6,formatting79, melyssa vincent,6636898448
FBED8711-4E97-6343-98D2-BD77F1E21D50,formatting80, nissim mcbride,8902834538
0A4EB6EA-8DAE-91F6-D055-634441BCBAA2,formatting81, dante l baird,5673807528
EE4821FB-57D8-24D1-F589-9BECE47B1C66,formatting82, natalie s lane,8177823374
8DF1E2F2-1289-177C-6B0C-447899D04D0B,formatting83, joy q davenport,8736136201
819A8EB7-4198-5216-E259-75ED899717C7,formatting84, lacy hunt,4116529688
C64227D7-9EAA-A6E9-F8A8-D031A7AD22DC,formatting85, grace c hutchinson,9372635796
FD9738B1-41A7-8E3A-4682-35E984E777D6,formatting86, alvin newman,2381751785
BE9DE1E2-BB2A-4901-227B-424E54D3BC71,formatting87, quentin c kennedy,7755278625
EA5795A5-BB06-6506-DDDF-B649ED04C4E7,formatting88, inga b mcconnell,3125866622
5A6ED26B-2BB0-E147-5F79-B656C365545B,formatting89, illana maldonado,8527371720
7DD71AAF-4275-957B-A9B9-F3327EC3EC7B,formatting90, lawrence skinner,239007531
14F91168-47C6-7DA7-5143-884ABB493E82,formatting91, elizabeth l key,8783576884
4C83F71A-A19F-C95A-E518-7A82A77DA75B,formatting92, basia maldonado,3432722467
37B26A46-DA38-D035-76AD-1FA813CDA3E1,formatting93, baker collins,3328333247
B27EAF0C-E5E5-22B7-D340-2DB1CE76A7C9,formatting94, merritt sanchez,7161787058
6D478935-5A69-282B-D334-6EB9A3D3CA75,formatting95, channing o bowers,5704856556
6139EA91-3CC5-1BD8-C941-63F535E3766A,formatting96, libby x duke,3374461756
6B75416B-6AF5-D3D5-999E-7C406B3744E2,formatting97, troy v lang,8876487284
3556C979-81E2-CD8E-6F9C-93E4BCC23AD1,formatting98, caesar garner,3574211849
DE46DC39-6797-B119-E978-CBA85A2BE869,formatting99, alma j mercado,4518166423
6342AB19-568C-F71B-4483-C6A6D37A78CF,formatting100, ruth vincent,5134391153
3591DEF4-96B2-5316-B5B3-8F6A2C54E95C,formatting101, tanek rios,8572867178
7EA52D6C-3E68-8151-E5A6-DB4741B149B2,formatting102, shannon v whitney,9222711857
EDD3553E-87D6-5E30-33E6-3EA883DE1A8F,formatting103, oren m fischer,9744546495
2575A899-AB83-4B26-A1B7-C5254091452D,formatting104, sophia g hughes,2671835832
E2848231-8177-5EBD-26A8-0491310B4348,formatting105, samantha conner,9341426741
715EF0E3-D8BA-6E57-1B72-7D0E1BC08233,formatting106, mohammad n gonzales,7787491890
9EDA9C35-7676-16C8-BF8A-A76DA1740527,formatting107, asher k gray,8826656405
F9B86732-BD83-3F97-AEF5-14B7FE88C3C6,formatting108, brandon u kline,4634461055
6E326308-A694-41EA-C74A-7208D88FD0EE,formatting109, myra z alexander,5696045411
DF84CECD-64E8-1904-A1B6-2DECE9D1299E,formatting110, armand f maynard,8717783133
C14B879A-CE5A-CB41-20D7-818496A85358,formatting111, clark h horton,9287757266
CD3C760F-B334-D61E-B22B-B99B6CB99CAA,formatting112, lunea malone,3277511175
8AF98EDF-A773-8CC3-4CDA-C27D5267C2EF,formatting113, cameran c kidd,3511291783
EAD11598-C944-19CA-F5A9-E2C1E7EEE7AE,formatting114, salvador maxwell,8955305785
5B56BC6A-4D9F-08B0-8449-12E05CE42D44,formatting115, deirdre n young,5376642530
D3D41722-F807-DD70-92CC-2014C4E9A58B,formatting116, palmer r reynolds,4134271767
2EC37B2E-D2E4-BEE2-BBEE-3224C0F5D907,formatting117, wayne l morin,4457804115
7C27E214-97C7-EC45-1A39-CBC843B3EA5C,formatting118, allistair o mckee,1784986852
CEB56495-9CB1-58FB-9D83-1B57AC6BC335,formatting119, roanna garcia,6542777803
45158EA3-7782-DEFF-BC6D-68F9D74E6AAD,formatting120, kennedy v robles,1475413817
141B2E96-1A09-772C-4738-844C7A4536D0,formatting121, cleo g durham,2466199450
155F4268-0D03-3E9C-3B31-DD5DD017A4B0,formatting122, lilah q leonard,8049182711
4986A8E5-B459-1D79-8AA2-39CCCD0E9841,formatting123, clinton k house,2928633607
BA4E41D8-BA57-275E-9442-367DD34AC60E,formatting124, evelyn cherry,2725227625
67B219DC-12A9-8074-4589-3A44BD2CC421,formatting125, aristotle jacobson,3953190111
165ED1C5-BCAA-872F-6BC4-2BA7B743617B,formatting126, macy snider,3103398561
EF7B6844-6DF7-F39C-CAD7-E3B6BC25A214,formatting127, simon t grimes,8915570505
366A1687-A2E1-BAB8-47A8-9B7E4DDB26A0,formatting128, yael burris,5816125537
CA172649-E63D-537A-1B84-385945437628,formatting129, nicole barrera,5485964464
50385829-8B08-3CE7-CAEA-5EAB3585BC85,formatting130, arthur shannon,2823054489
934C4E3C-333E-2951-6C0B-5C81B7C165B9,formatting131, harrison l kidd,2166223874
8CABE7DA-892A-A864-8E95-65739F31E078,formatting132, nerea shepard,9592495767
A969EE85-70E5-AAFE-2A31-864C647E2FA3,formatting133, mark k irwin,4467643522
F029E057-BAD5-BDCF-8BC1-B4B72717B3A8,formatting134, ulysses simpson,8895715534
2F23C255-BB2A-94A3-2F89-F237CBE497BC,formatting135, kelly r brown,4456285392
82C6A49B-491E-E7CD-79D9-65FBB2597A18,formatting136, sade cash,2955522240
BFB4911A-8D14-19B4-3D2D-2D7DAE97C5A2,formatting137, david c bullock,6506881791
0858CCCE-56D0-3239-529A-18B9988B225D,formatting138, cedric bass,1155323154
F6C7E989-F2EC-21D1-6993-65287E13CA81,formatting139, lyle avery,6188160892
94C82C16-5306-D797-E92C-543694B19E1B,formatting140, charity l watkins,8125520417
C2671A53-37D1-1346-5185-D19615F7D401,formatting141, velma villarreal,2618024722
76C5AF58-8CB1-07E5-3F77-316AA20BCC2C,formatting142, hilary o hampton,7773519592
35D56ADC-B7FA-9512-1D01-ACB31F523336,formatting143, nyssa sherman,5775179316
1B228E53-57A9-1AA2-AB8B-DEC324C787A6,formatting144, alyssa perez,5478633571
AE23C7CD-BEB1-653E-5013-45B69DB48A03,formatting145, jerome p hudson,2065168976
40F5D0E6-6533-971D-2C41-557543CEB43C,formatting146, jameson z holloway,3814255822
76383C21-4BBC-1402-3D89-7F86B3B6DAAC,formatting147, sierra c boyle,5037224356
A08A2441-CBAA-C48D-50EC-E2DF1066744E,formatting148, felicia hubbard,3966357303
E6F55632-0A75-87A3-9C51-E440BCB83E66,formatting149, valentine o osborne,7208416151
6B3D57DE-5E8D-C225-BEB4-5BE2BA8B1198,formatting150, imelda mcneil,4628552623
657E8323-234B-1325-D8EC-A3E32BC9F312,formatting151, orlando morse,3448911517
E116A8D4-237D-98ED-DE5A-6C05BDCEC637,formatting152, katelyn gilbert,2517468622
79E43564-7482-21BA-A65C-85386AD1B337,formatting153, kirk ingram,8687282758
B2AAD4B4-93C4-AD65-5E5D-18FE98815A7C,formatting154, tara w ingram,9036515715
79373CCB-07E1-7A56-7516-C5C74CEE9183,formatting155, miranda c meadows,5250615785
CAAE6453-454D-A9D1-86C2-BCD3FA1D96C9,formatting156, armando v simon,3821595243
E715C2BE-6159-C944-B5D7-E4D668C21531,formatting157, jessica m welch,6653537766
A8ED491B-F4EC-2491-B36D-29EF6EC91D93,formatting158, murphy taylor,4982821216
A4DE0BEA-D0CD-6E16-8135-4E61C59DAC98,formatting159, mariko s terry,9724668224
A678FEFC-D2CF-836C-B424-008A35B874DA,formatting160, linus j peck,4584153771
1181F251-655A-B7B3-4653-4BDFBECABBFA,formatting161, dacey lyons,8719069618
66E3EF13-2E54-5485-C15B-61A39EDDA1E2,formatting162, jason x garcia,4144651671
08C9D631-A789-47C2-91E2-35B1E1E2B8D8,formatting163, yuri r franco,7594221396
DE98B67B-5649-8D4D-A5BA-ECAF11B6956B,formatting164, wang horton,3759115520
AEBDA710-55DE-01E5-78C9-CC6DAB8C86DF,formatting165, colorado z foreman,2128447717
1D38EA08-8F7C-3289-9554-16B604EA61B9,formatting166, carly valencia,2554575828
AE9CD3E9-C7A2-4179-B88A-30D8AE84B4EF,formatting167, tana hill,1794336645
834121B7-4D14-6BC0-F52D-3CD41DC8D2CE,formatting168, jerry w mccoy,5426066037
7C1B89D4-3767-6BED-AAE8-15D337A754E6,formatting169, leah armstrong,6485151297
BE442F72-AAF2-762F-6A72-633106E94811,formatting170, daquan adkins,8064767794
88D37956-9C8F-5CB5-736B-4F96DA816512,formatting171, jemima n rutledge,6546810258
BBD0504B-7ECA-8AB9-B556-19AC45AB89A6,formatting172, clark g stanton,1308745262
AEFD5927-6965-F426-25A1-A3DC0A63D3D7,formatting173, mallory herring,1663626634
5600976C-8F49-A838-AC14-B824D07BC7BB,formatting174, hope mccullough,931178552
87788D11-881B-4E73-0BD6-B98472F12018,formatting175, amaya q bolton,7644555612
BAD8D4A8-FC17-4837-9A9D-5BB28251A3D8,formatting176, fitzgerald u wolf,8926182159
4BA8711D-9AA8-2544-9756-E4E6E71D928D,formatting177, benedict j valentine,5456122866
597CD62B-EF36-2805-98B2-C3FA9373D262,formatting178, whitney d todd,5485463835
111406C6-2B63-FC5F-975B-CCD6E9A4A93E,formatting179, acton y harrington,6338472583
7C5DFAE3-895C-BB4E-5136-73876B8F399B,formatting180, owen t dudley,1674312714
382BD7D7-DE89-61A7-2AA3-87C4403D4168,formatting181, flavia fletcher,3164137303
68388446-75D7-78FE-E14D-903F5B6972CB,formatting182, britanney q craig,9277965394
EB456B3A-288D-4FB7-8792-E8ED8C4FE931,formatting183, margaret ellison,6450314716
D867D213-1367-5CC1-65E1-04E88828754B,formatting184, dalton abbott,4402188891
8810FD55-199C-5E21-A6BE-F67576A37A05,formatting185, hilary dillon,3493563172
7CE86077-09FD-944B-9C93-B341AD9304CB,formatting186, brent r owens,3117913938
765F2B48-A933-A6AB-B238-53CF275504BB,formatting187, chava munoz,6367221123
7012472E-CB71-403A-7386-EDB2DBD3ACBE,formatting188, noah beck,4884524042
1F44B42A-CB3A-DDA5-DB90-367C9EDCC438,formatting189, omar q rush,3363825015
42B32777-C4C7-C0C6-099C-84A6AA97E20E,formatting190, amal frost,4887665769
E22CAAD9-2A2D-F9B4-27C3-D1319545DA5D,formatting191, gareth j carlson,4951910097
135E9573-B6F4-8D5A-8E39-8A35290A1616,formatting192, nathan v pratt,6676271483
38E8A9D8-7A98-1717-F860-81BE6109E12D,formatting193, ariel decker,7328891538
4DDB2607-1924-9E92-EB7F-229D54E2F8A6,formatting194, cameran q valentine,2141962636
62ADC666-80F8-8A32-80CD-A54ADBB6BE07,formatting195, anastasia f rodgers,6711754512
E0D84662-D3D6-2739-49D2-2DFD912E8403,formatting196, quin osborn,2674466452
CA44E7E3-2816-7B2C-39EB-F04A68740CC5,formatting197, melyssa oneal,9145711130
D4C5648C-1DE3-D5B5-1B2E-771AD13EAEC8,formatting198, magee l colon,7349636117
FD334CB7-6D23-7E52-9842-33B69A3BC5C2,formatting199, zoe i oliver,7173716798
5E251C77-24B8-A48C-A7B5-7A96EDCB45A7,formatting200, sawyer rosales,1221430133
42C4FE53-C2E6-1E13-5438-EB3177898A8D,formatting201, wade g santos,4178382668
BDBC6B86-3EC4-8A2B-AC99-275C28E3958B,formatting202, kaye bryant,2724317559
62AC152E-D1D5-7DE8-BB3B-E47879E66537,formatting203, ryder i sloan,6331499137
F96F8353-1C7D-E422-38C5-399B04EC8B3A,formatting204, willa v skinner,8726526112
B345BA2E-E32B-664E-1BA1-3720F4763674,formatting205, ferdinand u cohen,4636942266
A932D266-55A2-6816-EDA2-286448449ED4,formatting206, barry e conner,3879461424
5CB313E4-6447-21AB-611A-6219454EB269,formatting207, dennis j gordon,8460387742
F5D2926A-1388-8BAE-145A-D2E2E7B216C5,formatting208, nevada christian,8118428887
3A8261C1-597B-1981-AE29-4224725C5283,formatting209, kirestin ramirez,7319717562
676CED6D-27FD-737E-269A-2481B4199112,formatting210, emerson long,3741584342
504C1F99-AD15-B664-2F5D-228A7E118CCA,formatting211, preston e nguyen,1772570489
394D0CBE-1D47-3A35-4EB2-754D45A5C165,formatting212, carolyn n anthony,6710048414
555785C5-6C1A-D6EA-B09A-4E66CBABFEBC,formatting213, stuart n clay,2887770814
B8DA4EF7-D405-BE79-8839-817B470C7AB2,formatting214, whitney mccarthy,4966550915
D2D8E40F-8FBA-279F-BAFE-E6294EEA55A4,formatting215, jenna d mccormick,8563429363
717AFD57-8A84-7828-4CE9-9C6D4963E485,formatting216, burke holland,2269029494
15B44EA2-4297-CA24-57C3-53ED897A673B,formatting217, ina tyson,5964113210
46D9E833-EC4D-2F94-07E7-EAAEA7857D4B,formatting218, garrett hicks,1882217734
D0963745-463E-6487-1F72-8C7C8B529A1A,formatting219, wilma mann,114315413
B9814FC8-D883-3599-6F2E-1FDCCB0576C4,formatting220, ashely k grant,1878912685
7084A16C-9E0A-87B6-2312-C1BAE5B9EA26,formatting221, kareem strong,7238723267
5822B114-F7C4-D6E8-1821-DA5CBD536A88,formatting222, gray sargent,4423412134
E8E99AF9-58CB-E83A-BCCD-73EA941413E2,formatting223, paki morris,6367465621
9B147C4E-3545-4588-37F5-E982234509F5,formatting224, kenneth cox,472432735
E8664CC5-CE41-1E83-81CD-F5C6A2AEC833,formatting225, peter wall,3414248751
C3C814DB-3057-349F-3C45-B8A4B252918B,formatting226, abbot montoya,7455606464
8C5C44B9-68C9-4294-50FC-22D828FEE1C3,formatting227, hedda x barry,8739038811
6C494D20-0A47-6512-CE31-99DB7DCBC1A9,formatting228, mira r barlow,8413878996
995B7EA2-433B-4EB1-2435-C624F87F59A5,formatting229, maia y blackburn,8745458656
220AAB97-BB60-6A74-EB10-3E7175DEB718,formatting230, dana stanton,6542759763
FED2DF9F-BB3A-E217-39D3-E83E1C7351ED,formatting231, stewart booker,1565227038
D79BCD65-8E6D-FAB7-62E7-5915FD102CA5,formatting232, drake k stokes,7812546551
74C7A064-C4E4-AA2B-A7BC-C57A77FE97E2,formatting233, armando c le,8227891185
0E15EC77-32D7-43BC-B57E-8A95A1CE3713,formatting234, chava u leonard,935162284
E63EEEA3-EB51-E89C-4856-136EA5A94295,formatting235, chelsea s valenzuela,9152772268
D13A1866-A465-4D4B-DC9A-35529CC5E481,formatting236, shoshana cherry,1287291627
65E1A1C2-BE2B-BB9A-2DE9-DCD6367E6447,formatting237, emerald brooks,6235354366
AB5D6BD3-77E5-CCE5-668D-1475E3ED90E3,formatting238, hayfa berry,760535235
A35E1DAF-AE67-62BB-172B-A3B21E4122A1,formatting239, reed beck,1564580709
18691398-E59A-86CC-E9F8-B709DD343909,formatting240, jael l cardenas,8946563804
E61CAA83-8DB9-07BF-AB33-3D5DBA246C93,formatting241, keaton cantrell,5865628954
3501D6D9-2219-9727-FE17-83A18AEB4452,formatting242, chastity price,5224658848
4C08D611-65ED-245A-2635-349BBED2B4D8,formatting243, morgan burke,7432352281
DF76385D-D79E-AA72-5F3A-EDD3237B7270,formatting244, tarik davidson,5176024692
69B41D65-4098-2EC6-FDF1-C1317F85DD7A,formatting245, doris herman,6787350551
C8CB22C4-EBA5-D589-DABE-2257AC9049ED,formatting246, macy preston,3391872312
0703623C-EA8F-1CB5-281A-D6CD15CB3E6D,formatting247, teagan m snow,3726333282
1A3BD121-A595-79C7-259B-4947283189A6,formatting248, damian q mendez,8134481188
2DE3E41A-E92C-9C86-5CC1-378BEC3DD751,formatting249, reese klein,7093624477
9BEC2BC9-F84C-7265-CC76-26628A13A285,formatting250, ainsley delacruz,3538636502
DC47739D-5CEB-35F5-C64C-C8D934F86E66,formatting251, iola lynch,4533266726
284A47BD-D5B5-8278-48B2-BED2FD2A5CC5,formatting252, kalia z valdez,7939250828
6C5D2338-5D59-6A48-9EA4-352C8DEDE240,formatting253, samuel frost,1303713895
39122472-98BE-324E-8287-28E53149B7C4,formatting254, karen o burt,7232195915
CB86412E-61EA-4E85-75B1-188DDE7D3A54,formatting255, michael o harvey,9957283878
25DC33A9-5CCF-78B6-27E4-7DB08307C188,formatting256, gareth k solis,7803325103
5159ADD0-A3A2-CC81-629A-854640AB184F,formatting257, lois simpson,5696631841
1BC5DB8D-7A6A-6769-2E0B-A0ED9DFD2642,formatting258, dean morrison,4682592147
D244CEB1-A5E5-E283-EA6E-37D3B5851476,formatting259, meredith levy,9927638161
552D72AA-EDC7-E944-7D37-AB028CEAD523,formatting260, idola s mercado,8815671533
B097E1C9-AE79-1C7D-860C-EE35E3EF3487,formatting261, kennan wilcox,9518764629
9ECDC1B9-3297-B2C4-621C-25EB1D5B32A8,formatting262, lucian whitney,6245156162
209EB4EE-8D5B-B7EB-75D8-2F181DA5AD46,formatting263, amal q moran,5632818261
FAD8E311-8D86-F509-BE8B-E3D7959B3F82,formatting264, caldwell dennis,7830611143
64454776-BD09-A770-533B-91CBE9ABEC8F,formatting265, xantha pittman,5158646573
8529E38A-6D71-DCA3-276F-ABBCAF6CCE77,formatting266, ori russo,3588520313
D08A84D9-C263-2EC7-4748-A8630E97B837,formatting267, alfreda ford,3624332561
AD45D02E-ED37-7E89-1457-46362D61AA24,formatting268, madison hampton,5199407843
6F9E6737-674D-2B9E-9DDB-34246B1FB919,formatting269, oscar p parker,2625568611
A63E9105-48BE-4872-21B2-6CE2966FA4C1,formatting270, warren fisher,8342462244
B8A3E744-6A24-1A5F-125E-A5E2D571F819,formatting271, logan huber,6008327761
5D2093EB-1332-CE6A-880D-07B332688BF3,formatting272, eagan r wall,2284713771
9507CDE3-B999-2CA9-23DD-9B5B8B8C5E26,formatting273, upton gould,413831750
6E317B31-9952-41B3-D09B-FEED62C8321A,formatting274, penelope salas,4768424862
710BE9D7-F62C-48BA-1191-B887A3EDAA71,formatting275, serena h pickett,3674141762
E79B77A1-9441-DF83-A884-44B5249D8F55,formatting276, clementine u banks,1351192852
2B2B79DC-2B3F-36A5-D40A-B1A807610E62,formatting277, clark mathews,5045424736
7CF32C36-1D77-A143-6487-42CBE8229F95,formatting278, justina y rivera,5856575253
7471E002-7379-6A3E-F9A2-94206C4CC67B,formatting279, phoebe y yang,6354935197
5217F460-4AA4-EE3D-48B1-4477C8CA9B3B,formatting280, zephr justice,6521784969
EE9895AC-BC87-2E6B-E975-EDC1601AC99D,formatting281, aaron k deleon,2715158281
3E33ED86-AFC1-DE3E-9E93-BEB341BC7B38,formatting282, mannix espinoza,8625459740
7D3AD963-A42B-CAE6-9E4B-435BFAACD690,formatting283, macaulay h rowland,8325483448
D04C2B86-CCAD-269E-C076-32AF5D26C7D2,formatting284, rowan h mcguire,4327371453
48A51D18-A287-CD73-1BBE-74D44B5944C8,formatting285, natalie franklin,2859031555
1E1BCB51-D465-1B6E-D790-12BD80603349,formatting286, kylan massey,2113548824
363867C9-EA64-10D0-5F90-092E548CEBE5,formatting287, meghan l cox,4138331270
624DAEC3-B1DF-CD19-B743-5C571ACAF12F,formatting288, lyle s page,6128621942
566A61B7-585F-78A9-22E9-8084A5C260A3,formatting289, ray osborne,5455176180
6E225B33-C887-FA4D-1D12-A0C15439D5B2,formatting290, lisandra kirk,1043057120
0388A4B1-A46F-E2A1-7EE4-32943CB13765,formatting291, quynn p bryant,4786437741
5DFD5FED-3C75-1D6A-A643-1DC4A766D242,formatting292, britanni cervantes,2192309036
CB792374-92BB-BAE1-6BCA-5053CD412A4A,formatting293, alana sheppard,4642646574
9A91B7D5-596E-3620-E998-4335BC78478E,formatting294, orlando lester,4521416695
C5801E6C-C563-65A4-ED15-DDA5A7B14172,formatting295, tatyana cleveland,4814271694
EBA1738D-BDA7-960B-A1D3-92DBEB67B267,formatting296, anastasia q le,841848153
B368D1D4-97AC-2369-2168-77779D310B56,formatting297, raya o'donnell,8295530127
16ACC2E9-7774-42C6-E22A-9DFCEB7CFF16,formatting298, hayley z gilliam,9032692917
BD5BA856-8E2C-175A-C1FF-1AB1A20D96B8,formatting299, angela l wilkerson,3114244457
51CB6776-1C98-97A6-A252-B4485B5496CB,formatting300, malik chapman,6970254991
6456D9E2-9DD6-B3A8-2362-8883A5611963,formatting301, dane b curtis,4746152384
CD7FC872-E9F1-9D33-72D2-E46D61861E57,formatting302, lenore m roberson,9138666410
99F15249-6AA1-873B-EECD-E8B5559C0983,formatting303, lucy ashley,2754376467
C3D4594A-A3C7-F31F-5A4B-A60D69A9E627,formatting304, shaine mercado,8664257747
3B165966-C22C-21A8-6367-35B3374310A5,formatting305, austin george,5996272466
253716E1-A3D9-7122-A254-DECB3218E5D5,formatting306, plato garrett,5258737896
84E56AEF-3643-7138-2569-8E92CBA1D4B6,formatting307, jermaine mcdowell,8764280211
A4116A13-B27D-88D2-FC71-E8232C14D151,formatting308, barclay w fischer,6858635269
574E16FE-E08B-AD49-D435-118B61D3D85E,formatting309, kaye howard,5347987135
53ECE734-14DE-B4EE-CA3D-CB939E839F4A,formatting310, chester gentry,9794378471
CB6B247C-45D0-B293-DBB3-ABA8FDFBD3A8,formatting311, abbot t bean,4327932329
BF1E0968-A415-D039-A73E-5B480E1A8D62,formatting312, salvador l shaffer,9093355867
A87AB54A-A085-9666-9FD7-756CEA5F6808,formatting313, imelda wilkerson,2414343338
BCF5799B-5712-9524-D3E0-8FCA595B51E7,formatting314, sharon b sweeney,5821467692
9CB8D09D-75B9-B8C2-6AD2-417CAD0EA9E2,formatting315, lael boyer,5786964061
DCAD3121-7632-C454-B4C3-113B18D83BB9,formatting316, oren bush,8412281558
79D03613-1D35-3A68-6EE2-5B8EABF4669A,formatting317, vance i fuentes,3258327655
77B1B570-9345-8F1D-D8C5-91E32502E3A3,formatting318, zorita x allison,7220488873
7188E9E0-D914-58A7-51AE-9B642CEA859B,formatting319, bevis whitley,7895258245
5AF77335-EE28-C821-9954-781C9500309E,formatting320, steven e horne,6278453242
7E17C4F9-7D33-8C32-AB95-9189E4AEF62E,formatting321, courtney graves,3513727818
78108EE5-1BCF-C3C4-8AD6-D116A2C9693F,formatting322, raphael collier,7672247761
1EF54545-3EDD-6BC4-17CC-19CE04219E35,formatting323, oscar k marks,8724225776
371C872C-0D07-306D-86B1-495DDD6E3950,formatting324, darius s wilder,8225067362
AB6E9261-D3EC-F55B-9700-6E4A937C1161,formatting325, dorian o'donnell,8886073118
221197F7-ED57-4996-DA07-329605844F38,formatting326, macey z barton,6584762142
A3B47EB2-0CCA-BDBC-54AC-CCD85C1BF9C3,formatting327, oleg burks,7838780363
C265D71C-532D-C0A2-1DDE-4CC3ED44557D,formatting328, tyler v madden,4401195883
0443B3BC-8E61-0169-4398-ED9F6A925235,formatting329, ginger y baird,2746250684
3746A6AB-5477-6408-C6CC-BAB28BB3795C,formatting330, hunter kirkland,6723524013
8631AF5A-4A89-A836-87D6-CD67636A192D,formatting331, anastasia n ryan,5555560126
4B899781-C565-982A-87D7-84C54993DA47,formatting332, barbara r anthony,7545945480
4BEC186E-FBC4-9D42-7DA3-671506ADA0C8,formatting333, germane j wynn,5616919746
FC3344A8-827B-B769-C21C-B533D208D0A7,formatting334, velma t paul,9813575436
3591AA40-7F76-2B34-66CF-82868ED9885B,formatting335, candice l banks,8507272211
BE6B42B9-228E-B1D9-1A10-766ABAE3C931,formatting336, callie orr,5857738780
1899AB06-C764-5D15-B15F-7CE716B56B62,formatting337, tiger a mcfarland,3486514631
B97EC8BB-A275-650E-4BD5-B8CCDB33EBB2,formatting338, adara floyd,2866411763
1E205EAB-9A4A-7D54-9C9D-437BEB93AA1D,formatting339, yoshio z welch,6217260518
6B279862-8F5D-6BF1-B57F-4A8EDA639E87,formatting340, griffith y anderson,7655913386
51E01E68-4193-BC4B-2595-D7A1EA18E912,formatting341, harding fields,6887750147
6B1CD319-982B-E0EA-A5C9-276DE90D5353,formatting342, gage phelps,5486210146
70C40C6C-7E04-61DB-A817-A8E898C39238,formatting343, russell mejia,2400243373
F23DE2C7-4094-AC74-4808-43A146D04993,formatting344, amaya leblanc,4292182882
81A6716D-748B-B62A-F2F2-B048897FFDA7,formatting345, maryam branch,157497145
C7E5B195-A2FD-24D6-2DF2-53B5D146AF72,formatting346, keaton macdonald,6648728277
6A3EA9DF-CC26-F517-B764-2DA37E588EEE,formatting347, benjamin riley,8744216056
CF139E6E-7723-1D58-5F6B-EC7803342651,formatting348, elton benson,9537038060
B1CB8C07-68B0-D7C9-4268-A2F649D72E1B,formatting349, brooke w duffy,5814607646
281AE619-D4A9-A104-E5C0-93715FF7E234,formatting350, rebekah austin,3097317970
63BAD22E-AAE1-E3E6-BD4E-157357032D3D,formatting351, barrett tate,7044434293
59BC3180-B4E8-CE31-B419-D4C1ED198EB8,formatting352, rahim blackwell,6276027876
668DBD38-315A-2662-BE9A-53E3FB93E16E,formatting353, eugenia b wong,1532048881
38A7C5A8-DCFB-F6BF-CCB4-13839122CCA0,formatting354, madison fields,3448879910
BA4C3DE8-82EB-552B-EB42-8D96ADCE59EA,formatting355, carter dalton,8729385211
DE555E05-3569-3B9F-9548-74DE3BE0059E,formatting356, upton avila,9622652441
3DEF95EB-4E7C-4FCA-8F79-C6A73D50BCB8,formatting357, gage crawford,5344517275
374B6EDE-B679-3A58-827D-898D49804CBC,formatting358, pandora hood,2327654341
D453CC92-FA18-CA6B-2868-F493A671B09C,formatting359, helen guy,3233655223
B071B518-5ED8-4EFE-6E32-DEB2D4EC53C0,formatting360, adara raymond,8946255953
E939E994-21A5-66B2-426E-BA1B59C0B260,formatting361, kitra k fletcher,7574126466
2AEAD813-33F3-348B-6545-2A2BDB7C26A6,formatting362, daquan walls,6861427636
0867489C-7F9B-C796-549C-34BDB2BBB81A,formatting363, chadwick richards,2155474934
792B2063-F5AC-9CD7-2B8E-ACD7537B9C82,formatting364, hedley young,3447303478
19391C7C-6262-A13E-16F5-44B826F8DED4,formatting365, zane mack,2728890784
6893D1B1-DBB4-671A-464A-3A4C4B81B947,formatting366, gemma reeves,7933426677
E3599ABC-DC16-6C9E-F79D-9430B9D30A4E,formatting367, lars mullen,3774523260
94C3EC8F-852F-98FF-6497-A1E5DD593A87,formatting368, damon kirk,5342208721
2B3E1C6B-554D-C43D-AED5-7636797407EB,formatting369, slade rosa,6133453123
353D5B2A-5432-568B-E2FA-832475A139D3,formatting370, doris d donovan,8514994617
5ED7F815-33BD-5288-D278-93834C1CC302,formatting371, bell simmons,3647819817
96AE9EF3-6B2F-E3F9-7F40-3DAAD99137F8,formatting372, denton j castro,2633849813
6D98EB78-4379-1C33-AAEA-94C3D971D49F,formatting373, katelyn d huber,4488878328
7C034DA7-EA27-62D3-838F-4A69A55A03B6,formatting374, clinton d atkins,8696153153
B8DA3203-6965-7BCA-EBF1-C98EF0676623,formatting375, jescie morgan,8895735680
9642498E-5598-2738-7F9A-22CBAF108346,formatting376, mannix r herman,3378285732
2DC16802-3578-79DB-4441-2A8154ED034A,formatting377, dalton pate,9335768772
1987EF1A-26E4-2385-62B9-2E1C935C848B,formatting378, asher emerson,8173540671
CCD20B33-A266-54B2-429F-B617B7E65ABE,formatting379, mona g kelly,3363502359
F90A679B-6EC8-7172-CD33-ED8115C8E355,formatting380, isabelle x mercer,3513486895
A9748C93-C195-DD90-6723-8494C39778DE,formatting381, arthur sharpe,7777280682
52D75E99-275C-FE63-95C7-84C3EDDA9748,formatting382, germane y cervantes,1928626789
429A1C1B-AD9B-AD17-C1BE-3D65EFA1B007,formatting383, ian o stanton,8464678484
33D6309B-977C-457B-C908-69E44ED95480,formatting384, nicholas c griffin,6124121374
EE9856EF-C877-41CB-996E-B959F03A699D,formatting385, hayes boyd,3235518971
50B51448-B419-3814-4141-DD8FC81414EC,formatting386, donovan wallace,7111734520
066A98CE-C193-967F-BCB4-2B4E4AAF943F,formatting387, prescott robinson,3449233414
D2326C37-2BDD-F73A-BB1A-18AC8121B049,formatting388, shana g hayden,1734914163
1E3557E6-E35E-28BA-4ACF-C05724305DF1,formatting389, allegra padilla,8727718664
A319AAC1-A6A4-A7CB-8212-76E52C4C8E06,formatting390, melvin allen,1669418992
8A15A9AD-5D5E-C9E5-3142-3F943A718BB1,formatting391, chaney h church,9537103831
D7E93652-52C7-7A8C-32D3-8B1B75013D68,formatting392, octavius g norris,9247745833
E525472B-C706-3A2E-898F-A911EBE55483,formatting393, levi b fowler,8087865763
B87851AD-E2BD-EC6F-919C-ADDBB6D37335,formatting394, cody k battle,8752323556
99E74F64-8B3C-9EE4-5B6C-24DB74A49699,formatting395, otto a padilla,5894476204
61196727-35DC-316E-8CF5-4E4ECCC57DD8,formatting396, hamish molina,7426426671
606DBCE5-CD37-FE87-2684-C3A2779CD75D,formatting397, ryder mayo,3976881516
792E7C86-13DA-7716-CCCC-93AB4AEDED88,formatting398, althea wall,2152229173
C58B86DC-3958-C667-77C4-8068AC60123E,formatting399, rhonda butler,7872435113
6DCCC5BC-2425-DFE4-2448-C956C33B25CC,formatting400, sade miller,6552587737
3537562E-C81F-894B-D170-A05BB06FA206,formatting401, hilda duke,4229252455
E61D8960-9A72-61BE-C37C-AC8E5712D9B8,formatting402, oliver stephens,1106549160
1DDD7FD3-D49B-CA3A-1295-811B7358EF07,formatting403, laith hale,2633351640
E75B8DED-4DA1-207C-1523-E7C377527714,formatting404, brennan hanson,2755620924
C9A9AD8A-CC23-D449-F540-372589A440A3,formatting405, carson david,8134979272
22CA663C-2BC6-959E-4A2D-B98222B89559,formatting406, serina franco,7522033711
3AEA4FEE-64C9-DE09-5CBC-4515B41D38DA,formatting407, mariko bentley,4905429335
E66D3787-9CEA-8CE5-439A-2AB391E4642E,formatting408, tarik hampton,4271494297
5593F593-929E-1B9E-3927-A6017E946BFF,formatting409, bree v mcgowan,7344188380
7E46B134-66D1-654F-4835-7045235C1043,formatting410, lana k gould,8866114308
B52C3ECA-7564-92E8-E4A1-585807112997,formatting411, ruth todd,2512589408
74F1B42B-BAC0-B0CC-0BF3-44DC1469B9BC,formatting412, armando u bartlett,5195274751
CBC594E3-C64B-E42A-B429-2346763D7B66,formatting413, brett b bond,7234846943
4CE87AD4-AD1B-4652-1741-2A96CCB41149,formatting414, belle f guy,4533859818
87F24593-CE24-8D14-341B-11A6BDEE89B2,formatting415, zane hughes,6632243174
94131B40-9132-6767-C6C2-E5C6258A513A,formatting416, neil coleman,5484876836
E6C76219-3CE6-6918-BAAE-0A894EDB13A1,formatting417, carter howe,8522385675
EB2FE866-134D-F7DE-2D43-4A2CE4F87569,formatting418, kalia bennett,5536885809
8F25A916-DBB1-957B-DA66-556742872A3A,formatting419, camilla m dale,8784967771
1461D1DA-7E67-523E-1566-B3483C59A95F,formatting420, oscar shepard,8717532542
BE7BC9D0-1003-2179-77B7-86427FD9D5AF,formatting421, travis contreras,1844553516
CA45B3AE-60B7-59E4-B53E-8BAD8B11A9F3,formatting422, upton pickett,3614943186
27118C85-4409-1408-17C8-21378DEB1C28,formatting423, cullen r hopper,2062487845
90563912-E2D6-DC5C-8777-A617913C25C0,formatting424, serena wilkerson,7696247577
ECAB84CF-3734-7A27-184D-DECB2D9BDE97,formatting425, signe k castaneda,2222524486
48DA966B-05C5-75B2-3EB1-B8926541A4A9,formatting426, yoshio q manning,213672721
05681293-E8D6-4EBE-04B2-FCDA5EE25EB4,formatting427, cooper sherman,8344159335
A43C54AE-0C0A-672E-EACB-B1DAC802C749,formatting428, ahmed rodriquez,4216779752
0198538D-C331-B6EB-28D4-81FCE917AFA9,formatting429, colleen mack,4485065438
BA2421BB-D737-E947-03C0-2EE9E85753D9,formatting430, quentin nixon,7461055115
272D628F-B377-A3C8-3107-66361638EF39,formatting431, kameko wells,9408858957
CD477937-5627-3467-28A6-5EED35EE16D2,formatting432, cheyenne frost,2667274089
6E58D1EC-6452-1EB6-126E-4BA81EBEEB3D,formatting433, shelly g chen,2255675212
A1E84DCB-E771-6216-251C-C77740D3C174,formatting434, tashya holder,8447371173
ADD22B5D-B8A4-022A-0340-FD9AC6E73092,formatting435, aristotle roman,2655635117
5CBE9CC3-3579-AD65-9E5C-D5CCB36B3B5E,formatting436, geraldine w callahan,8764952387
576132B3-E3EC-670F-D3AE-58447BACAE48,formatting437, hector s rowland,2028125622
23F0E93E-EFF8-5182-6A8B-F2B752B4E53C,formatting438, minerva warner,3384657352
A3CC24E3-E09C-5DD4-09DE-1B4462D5956B,formatting439, josiah v bird,4506417352
B8763AA7-D2A7-D4DB-B62A-DA6C89FB5A3C,formatting440, boris lott,9683665316
9C2887AD-340E-7138-B4E6-A11ED27D622E,formatting441, dahlia x ray,3543188618
891AD19E-6A51-3871-AB01-54725885B9CA,formatting442, mohammad l booker,8495735214
7C65A2CC-C4D1-EA77-DCE3-56D42ACE31AD,formatting443, thomas f kane,7228768452
6724CF86-EB3F-7B83-765D-F72FCBD3DD3B,formatting444, oren w griffin,7653265884
9E7B5E11-2C58-2A2D-595E-58D0761E86E1,formatting445, judith m acevedo,9148427213
AD40EDD2-D019-CDB6-61F8-C97416FC686A,formatting446, ivy r chambers,6718428746
C1589619-7DA9-EAC5-55D6-AAC641663397,formatting447, ulric pittman,3689629722
04B5D197-9276-BF90-2DCF-C67B61236785,formatting448, charles nieves,4137928083
2A4CB254-3514-6452-3C1C-BBF7A0893A15,formatting449, giacomo v riley,7485976326
5EECA112-B944-0BA5-14C1-AC49ECE71827,formatting450, zena l ross,7746482130
103CA41F-7B74-44F9-14D2-19DC12A18D13,formatting451, howard hughes,8627873437
74398452-564C-59CD-7B9D-C1A36E96DA3E,formatting452, martin e santana,5497308967
5E2EE96D-DE5A-3F1B-2A86-529B46EFE46A,formatting453, lev chavez,3337343180
B9CCE226-62BC-3434-2D48-CE9AAB2C3A58,formatting454, paki bates,4173915667
73644A74-5D49-DDC6-FCD7-1B228E86E852,formatting455, iris x hogan,8229081238
60C013BD-73DF-3BBD-8436-B288BC3E15ED,formatting456, hashim b frost,671846625
31AADE65-5B30-2735-DC35-6B8B9816BBF5,formatting457, aurora g young,4757742671
1DD99281-D44A-2EA0-B2B8-F03C4227A01D,formatting458, dorian d taylor,5586597382
77042679-DBC6-B814-9572-9BDFA608E47C,formatting459, scott j levine,4115191378
56482EAA-A112-38A0-27B9-5AE598A8BDCD,formatting460, wing u weiss,4968084124
AA12891C-74AB-F99E-6886-BF16249AEE8E,formatting461, chaney j rojas,4607403157
671A68F7-43DA-DCAD-13F4-FC418805F5D2,formatting462, cathleen u murray,3663107108
4167A4B9-4DDF-A6B2-6D24-86200596B810,formatting463, libby martinez,6555126628
5E221EC1-3839-6599-0991-34FE8F60DA9A,formatting464, leo delgado,2337229281
7A6F6529-9A7F-09B7-DF39-C356CFE5F569,formatting465, honorato hoover,2992641264
E58652B9-BEE6-2192-F998-549A8AE07793,formatting466, chase j guerrero,5502402226
7191D4B5-D731-7DB3-715E-67B7DE8BE5CA,formatting467, xavier ayers,2741427696
9BE3767E-E8AA-8B61-D014-857AD84AA7D0,formatting468, ori f spence,1809520709
8394460B-7BCB-A0D1-2018-234081B1665B,formatting469, lyle l rasmussen,152815725
E34DB622-A964-4EC5-D939-D4B9C05E03E7,formatting470, kermit l estrada,8583372294
85ED87BC-9C21-1A8E-F8D0-854C8C6AE8BC,formatting471, tallulah b eaton,7085226412
81B906C9-DC73-03C4-3C89-97E18BE4156E,formatting472, martena c welch,1587681347
508133F4-8382-03C9-4BEC-4405AD2FB6E9,formatting473, emily m walker,8988187311
B7241C5E-C5CB-EA6B-08D2-62335C030539,formatting474, dexter m haley,6407708613
B3458D17-069A-4C5F-BA8A-CF180DC04220,formatting475, ruth hanson,4536383592
CEDE21E7-7110-DE4B-97AB-049478C7B83B,formatting476, nolan ford,3648175781
2AE6A684-144E-4171-36C1-2EB2234AEC36,formatting477, wynne o barrera,8644382835
E2E6ED09-1DEF-33DA-CEA3-338D5E46B77B,formatting478, jorden v turner,2308226126
E5B3BEA6-24B6-5B41-BA1B-92179FB0A330,formatting479, dominique mccarty,5345735596
AC6727F3-7DC1-14F3-D878-1E1E2E876396,formatting480, conan bishop,3657270134
96A6BDAB-1E73-F6E6-A695-8FC78A83F171,formatting481, christopher dudley,4825504879
BBBB9768-C50E-267C-C6C0-A0CAD6664AAD,formatting482, mechelle l marquez,6688627868
E9986FE9-7719-5920-D562-ECE917891E3D,formatting483, kato q lloyd,7212066137
E331728A-67C1-0DB1-BA9D-2CBD2D2270B8,formatting484, iris floyd,2164454212
227CE7F0-581E-7887-96AD-732B58D280F7,formatting485, garth g greene,1382368346
C44B181A-2469-4275-E645-255CDF5B3813,formatting486, mercedes o collins,5903878436
DD56D658-7D91-BE7E-3927-75E48EC9D832,formatting487, nelle h pope,3936533741
B6913776-DCD1-E3B2-0242-29E112CA0D9E,formatting488, finn z tyler,6482751884
E4312372-03C8-1F9B-3E18-42F42071C22D,formatting489, oliver carson,8117415199
1C93DCEC-CCB2-CF2D-8A76-4B77DAC47DA3,formatting490, stephen m meadows,2587315367
A42E5D66-C4A6-1AA3-AF4F-AA54B3F6DE39,formatting491, ian k woodward,8897721865
45C1C857-4A1C-4A52-13C5-711F15018462,formatting492, gray lewis,2838638538
A4191BD7-EDEE-28CA-5675-C3364496F87E,formatting493, melvin d lewis,7988527606
0AD2149D-347F-3726-D6EC-AB5AEF761216,formatting494, fuller brewer,2267632606
282DC1D9-C042-7B25-119A-76BD65F3A2AC,formatting495, zeph a petersen,6379036634
9C11446C-4A18-5EC1-8602-664C3CC8661A,formatting496, vivian t ray,6533885189
82146EA4-FB0F-BFC2-1C28-21818A927899,formatting497, martin n mcbride,8350244751
E27EE8DA-1994-2AC4-D563-AA12E9997933,formatting498, ian reyes,7042765099
7E97F5F4-EB2E-68C7-8C24-E2AAE340C149,formatting499, rachel y potter,5814374682
B387DAA9-4BFA-D971-484D-30A95BD5A253,formatting500, herrod k maldonado,3384407823